rank,root_id,cis,total_degree,nt_type,nt_sign,super_class,side,primary_type,name,cis_excess_over_degree_prediction,matched_ctrl_cis,gaba_vs_matched_ctrl,class_label
1,720575940628908548,0.006217470767625244,12444.0,GABA,inhibitory,optic,right,CT1,LO.5422,1.83660661880339,,,A_strong_chokepoint
2,720575940626979621,0.004875076150069879,12784.0,GABA,inhibitory,optic,left,CT1,LO.1,1.724930038225275,,,A_strong_chokepoint
3,720575940631180599,0.0032598677832202383,858.0,OCT,modulatory,visual_centrifugal,left,OA-AL2i1,ME.131,2.1558658961912824,,,A_strong_chokepoint
4,720575940626044942,0.002344116557160103,2063.0,ACH,excitatory,visual_centrifugal,right,OA-AL2b2,IPS.ME.3,1.8160071771407655,,,A_strong_chokepoint
5,720575940629513222,0.0021452674848062014,4021.0,GABA,inhibitory,optic,left,Am1,LOP.4,1.6278620483493014,,,A_strong_chokepoint
6,720575940626403917,0.002052388301958308,1909.0,ACH,excitatory,optic,left,MeMe_e13,ME.LO.2,1.7756842309180958,,,A_strong_chokepoint
7,720575940636543668,0.0017627775498866849,1891.0,ACH,excitatory,optic,right,MeMe_e13,ME.LO.1,1.711749689895385,,,A_strong_chokepoint
8,720575940647075619,0.0016223254781908558,958.0,GABA,inhibitory,central,left,CB0109,GNG.1,1.8281151208472415,7.144796071667514e-06,0.0016337315693579326,A_strong_chokepoint
9,720575940620008758,0.0012780372974843246,4429.0,GABA,inhibitory,optic,right,LPi13,LOP.1,1.3812643285894244,,,A_strong_chokepoint
10,720575940625952755,0.0012648589168672841,4687.0,GABA,inhibitory,optic,right,Li33,LO.3,1.3640654716731841,,,A_strong_chokepoint
11,720575940625871408,0.001244080357015398,872.0,GABA,inhibitory,central,right,CB0109,GNG.5,1.7339094844525937,8.457105554193767e-06,0.0011331584078550063,A_strong_chokepoint
12,720575940613583001,0.001162982131302226,5678.0,GABA,inhibitory,central,right,APL,MB_ML.MB_CA.1,1.2845824434861166,,,A_strong_chokepoint
13,720575940628038808,0.0011292949528417529,1751.0,ACH,excitatory,visual_centrifugal,left,cM15,IPS.ME.5,1.5356180542025997,,,A_strong_chokepoint
14,720575940632777320,0.0011131620197143421,2275.0,ACH,excitatory,visual_centrifugal,right,OA-AL2b2,IPS.ME.1,1.4706745857715497,,,A_strong_chokepoint
15,720575940627497244,0.0011084287409950377,4516.0,GABA,inhibitory,optic,left,Li33,LO.4,1.315071163067564,,,A_strong_chokepoint
16,720575940612976497,0.0010589137416131544,2034.0,ACH,excitatory,visual_centrifugal,left,cM05,GNG.ME.1,1.4740851296759927,,,A_strong_chokepoint
17,720575940620781515,0.0009467175246075099,721.0,GLUT,glut,visual_projection,right,MeMe_e07,ME.55,1.657892487298037,,,A_strong_chokepoint
18,720575940631999685,0.0009181436010368138,1425.0,ACH,excitatory,visual_projection,left,H2,LOP.IPS.2,1.4919134677840384,,,A_strong_chokepoint
19,720575940625525740,0.0008909265788276666,2201.0,ACH,excitatory,visual_centrifugal,left,OA-AL2b2,IPS.ME.2,1.3813822951316186,,,A_strong_chokepoint
20,720575940627996285,0.000889336509091343,1942.0,ACH,excitatory,visual_centrifugal,left,OA-AL2b2,IPS.ME.4,1.4086759655351049,,,A_strong_chokepoint
21,720575940631190016,0.0008513672393108962,1692.0,ACH,excitatory,visual_centrifugal,right,cM15,IPS.ME.6,1.4206243185294092,,,A_strong_chokepoint
22,720575940623133097,0.0008467933078559198,2281.0,GABA,inhibitory,optic,left,Pm12,ME.8,1.3513153278663386,,,A_strong_chokepoint
23,720575940650929273,0.0008220717577391845,879.0,DA,modulatory,descending,left,DNp32,SCL.WED.1,1.5521972272200233,,,A_strong_chokepoint
24,720575940622696944,0.0007221150516281138,778.0,ACH,excitatory,visual_projection,right,MeLp1,ME.LOP.5,1.5232478359666013,,,A_strong_chokepoint
25,720575940631945815,0.00071304889720053,2021.0,ACH,excitatory,visual_centrifugal,right,cM05,GNG.ME.2,1.3038013264447175,,,A_strong_chokepoint
26,720575940623444044,0.000697083541767618,2499.0,GABA,inhibitory,optic,left,Sm42,ME.2,1.2463674489683534,,,A_strong_chokepoint
27,720575940622516852,0.0005861008609684415,1180.0,OCT,modulatory,visual_centrifugal,right,OA-AL2i1,ME.35,1.3392883284395802,,,A_strong_chokepoint
28,720575940624547622,0.0005452976549858435,5654.0,GABA,inhibitory,central,left,APL,MB_ML.1,0.9566353184119367,,,A_strong_chokepoint
29,720575940621393172,0.0005426324364574686,1702.0,GABA,inhibitory,optic,left,Pm14,ME.39073,1.2237210863282102,,,A_strong_chokepoint
30,720575940613065130,0.0005394699724481367,2615.0,GABA,inhibitory,visual_centrifugal,right,cL21,PVLP.LO.2,1.1248940594927932,,,A_strong_chokepoint
31,720575940635089945,0.0005043741817213898,1216.0,GLUT,glut,visual_centrifugal,left,cML01,AVLP.ME.2,1.2673452049380143,,,A_strong_chokepoint
32,720575940628082053,0.0004979948806763113,1273.0,GABA,inhibitory,visual_centrifugal,right,LT42,LO.21,1.2515507532394183,1.3123094825262528e-05,0.00016637167995183747,A_strong_chokepoint
33,720575940613686698,0.0004707306607163453,2344.0,GABA,inhibitory,optic,left,Sm41,ME.5,1.0902425161013891,,,A_strong_chokepoint
34,720575940625049781,0.0004507836851139757,2673.0,GABA,inhibitory,visual_centrifugal,left,cL21,PVLP.LO.1,1.0419917592267698,,,A_strong_chokepoint
35,720575940614710509,0.00044240711120391296,1389.0,GLUT,glut,visual_centrifugal,right,cML01,AVLP.ME.1,1.1806114911753065,,,A_strong_chokepoint
36,720575940611563310,0.0004334119605351461,2691.0,GABA,inhibitory,optic,right,Sm42,ME.39072,1.0234233974130618,,,A_strong_chokepoint
37,720575940623888397,0.00042439798081789215,2507.0,GABA,inhibitory,optic,right,Pm14,ME.3,1.030179284485604,,,A_strong_chokepoint
38,720575940618444473,0.00039269159887961314,2539.0,GABA,inhibitory,visual_centrifugal,left,cL21,PVLP.LO.4,0.9936218576779288,,,A_strong_chokepoint
39,720575940626039996,0.00034238693049276625,1773.0,GABA,inhibitory,optic,left,Pm14,ME.11,1.01461699256236,0.0002445165850901,0.00010507849499390002,A_strong_chokepoint
40,720575940628346634,0.00033145182097465975,954.0,ACH,excitatory,visual_centrifugal,right,cM14,SPS.ME.1,1.1394393643372274,,,A_strong_chokepoint
41,720575940631758393,0.0003280651558206227,1593.0,DA,modulatory,central,right,PPL103,SMP.MB_ML.1,1.0200651548655744,,,A_strong_chokepoint
42,720575940609137500,0.00031625761208281533,1309.0,GABA,inhibitory,visual_centrifugal,left,LT42,LO.20,1.0481662521586879,,,A_strong_chokepoint
43,720575940608181122,0.00031104177794927246,1250.0,GABA,inhibitory,optic,left,Dm17,ME.17,1.0512836766850064,2.194473079120129e-05,9.67672016046987e-05,A_strong_chokepoint
44,720575940633305681,0.0003082789906458383,2714.0,ACH,excitatory,optic,left,Li30,LO.8,0.8735987132728527,,,A_strong_chokepoint
45,720575940632795532,0.000303605690693598,2320.0,GABA,inhibitory,central,left,lLN2F_b,AL.1,0.9021383154242901,,,A_strong_chokepoint
46,720575940632689199,0.0003003342489631411,1047.0,GABA,inhibitory,visual_centrifugal,right,LT36,PLP.LO.1,1.0757922020998132,8.384199471800358e-06,0.0019043849849749996,A_strong_chokepoint
47,720575940628069501,0.000296032006221858,3243.0,GABA,inhibitory,optic,left,Li32,LO.5423,0.8160675221432694,,,A_strong_chokepoint
48,720575940639172585,0.0002801081900668523,768.0,ACH,excitatory,visual_centrifugal,left,cMLLP01,GNG.LO.1,1.114960312969147,,,A_strong_chokepoint
49,720575940624181700,0.0002796993819471072,784.0,GABA,inhibitory,optic,left,Li21,LO.32,1.1097069439821658,0.0002076365225691,-8.97473873885e-05,A_strong_chokepoint
50,720575940611719378,0.0002740415192968859,499.0,OCT,modulatory,visual_centrifugal,right,OA-AL2i4,ME.398,1.2020187496775865,,,A_strong_chokepoint
51,720575940623499132,0.0002723103837676266,2268.0,GABA,inhibitory,optic,right,Pm14,ME.7,0.859991815688681,,,not_classified
52,720575940623000858,0.0002708639305760152,2194.0,GABA,inhibitory,central,left,lLN2F_b,AL.2,0.8651173418057585,0.0001884778456396,5.1893507910400003e-05,C_gaba_candidate
53,720575940632069583,0.0002631234631306212,1475.0,,unknown,optic,right,Dm17,ME.13,0.9415496671773096,,,not_classified
54,720575940640736371,0.00025221866811669935,2817.0,ACH,excitatory,optic,right,Li30,LO.5424,0.7781107830484952,,,not_classified
55,720575940645693988,0.0002497550882681332,746.0,ACH,excitatory,visual_centrifugal,right,cMLLP01,GNG.LO.2,1.07167865102155,,,not_classified
56,720575940647031860,0.00024637903628721425,308.0,GABA,inhibitory,descending,left,DNge122,GNG.98,1.2637800501204248,,,not_classified
57,720575940627344740,0.00023156281262887157,772.0,ACH,excitatory,visual_centrifugal,left,cM14,SPS.ME.4,1.0311720407163945,,,not_classified
58,720575940629959759,0.00022968991151123275,1138.0,GLUT,glut,optic,left,Dm17,ME.40,0.940695529100291,,,not_classified
59,720575940625000200,0.0002162254818476872,2534.0,GABA,inhibitory,optic,left,LPi12,LOP.15,0.7350093502624766,,,not_classified
60,720575940628006808,0.00021607074031798623,847.0,GABA,inhibitory,optic,right,Sm39,ME.25,0.980340554229064,0.0001372092470068,0.0001453330676128,C_gaba_candidate
61,720575940609282825,0.0002107069504712067,2160.0,GABA,inhibitory,central,right,lLN2F_b,AL.3,0.7595925833087973,,,not_classified
62,720575940635684762,0.00020926330422632589,2510.0,GABA,inhibitory,visual_centrifugal,right,cL21,PVLP.LO.3,0.7229360585968903,0.0002436312969471,-7.915517513660002e-05,not_classified
63,720575940639823413,0.0002067983596305556,1041.0,,unknown,optic,right,Dm17,ME.22,0.9150877552199765,,,not_classified
64,720575940632403986,0.0002031211416150258,2166.0,,unknown,central,left,il3LN6,AL.5,0.7430545939722668,,,not_classified
65,720575940639209956,0.00019607288604850392,2369.0,GABA,inhibitory,visual_centrifugal,left,DCH,LOP.9,0.7076379837720359,,,not_classified
66,720575940623037720,0.00018697502544762212,318.0,GABA,inhibitory,descending,left,DNge104,GNG.150,1.1368714317510653,,,not_classified
67,720575940628307026,0.00018652630347315569,4118.0,GABA,inhibitory,optic,right,Am1,LOP.2,0.5619874919046945,,,not_classified
68,720575940634545890,0.00018492979462642056,2130.0,GABA,inhibitory,central,right,lLN2F_b,AL.4,0.7060852082808124,0.0003034976057215,-0.00011173377879819998,not_classified
69,720575940631584876,0.00018218079450882385,456.0,OCT,modulatory,visual_centrifugal,left,OA-AL2i4,ME.466,1.0449564502840452,,,not_classified
70,720575940622632831,0.00018139955907581218,734.0,GABA,inhibitory,optic,left,Sm39,ME.38,0.9364987637178634,1.2321127919379116e-05,0.00013076226629492088,C_gaba_candidate
71,720575940640723315,0.0001803821698197483,331.0,GABA,inhibitory,descending,right,DNge104,GNG.125,1.1123298508261623,,,not_classified
72,720575940635119723,0.00017801275191375865,1100.0,GABA,inhibitory,central,left,LHAD1g1,AVLP.18,0.8376710563209349,2.000751203135032e-05,0.0004194182766783497,C_gaba_candidate
73,720575940612718563,0.00017794353073619096,952.0,GABA,inhibitory,ascending,right,AN_multi_28,SPS.GNG.1,0.86988441044018,1.8153614508409355e-05,0.00015004071750249066,C_gaba_candidate
74,720575940624706062,0.0001616065072939099,290.0,GABA,inhibitory,central,left,ALIN5,SAD.AL.2,1.0941905945421047,,,not_classified
75,720575940640851363,0.0001588295772687598,2805.0,GABA,inhibitory,optic,left,Li31,LO.9,0.5783233834577111,,,not_classified
76,720575940631149532,0.00015536092181461791,630.0,GLUT,glut,visual_projection,right,MeMe_e08,ME.65,0.9034672057980866,,,not_classified
77,720575940627594568,0.00014759576043021916,1710.0,DA,modulatory,central,left,PPL103,MB_VL.MB_ML.1,0.6574520569221609,,,not_classified
78,720575940621638534,0.00014275631238780395,657.0,OCT,modulatory,visual_centrifugal,right,OA-AL2b1,LO.103,0.8573467466428073,,,not_classified
79,720575940634638562,0.00014185828561558145,1059.0,,unknown,optic,right,Dm17,ME.23,0.747649591461788,,,not_classified
80,720575940619896711,0.00014179764636457204,550.0,ACH,excitatory,central,right,SMP048,SMP.LAL.7,0.8942319945174875,,,not_classified
81,720575940643576224,0.00014125459238800708,401.0,GABA,inhibitory,central,right,LCNOpm,LAL.NO.2,0.9632898674539416,0.0001515387639093,8.490086877100018e-06,C_gaba_candidate
82,720575940614363363,0.00011787325281870098,639.0,ACH,excitatory,visual_projection,left,LPT54,ME.LOP.4,0.7804526795877447,,,not_classified
83,720575940622523508,0.00011258758705656735,2919.0,GABA,inhibitory,optic,right,Li31,LO.10,0.4200616332073843,,,not_classified
84,720575940621619627,0.0001078238447163038,524.0,ACH,excitatory,visual_centrifugal,left,cM16,SPS.ME.5,0.7862168998919503,,,not_classified
85,720575940619637056,0.00010524433109065923,688.0,GABA,inhibitory,central,right,mALD1,LAL.PLP.2,0.7147317667919744,9.363224006353477e-06,0.00013366809443484653,C_gaba_candidate
86,720575940621116807,9.48713621069519e-05,2867.0,GABA,inhibitory,optic,left,LT33,LO.12,0.3498088963749648,,,not_classified
87,720575940629461442,9.460744401151855e-05,637.0,ACH,excitatory,descending,right,DNb05,SPS.GNG.2,0.6857553282397273,,,not_classified
88,720575940619046469,9.248122283800342e-05,1123.0,GABA,inhibitory,visual_projection,left,LPT50,LOP.18,0.5488612338654173,,,not_classified
89,720575940631207388,8.825687406949223e-05,402.0,ACH,excitatory,visual_centrifugal,right,cLLPM02,PLP.ME.9,0.7586629790898227,,,not_classified
90,720575940615505298,8.824306595173192e-05,546.0,GLUT,glut,visual_projection,left,MeMe_e08,ME.135,0.6900636421079662,,,not_classified
91,720575940650935673,8.704410834198262e-05,3342.0,GABA,inhibitory,optic,right,Li32,LO.5,0.2780769173584794,,,not_classified
92,720575940622331830,8.343573829083795e-05,1217.0,GABA,inhibitory,optic,right,Sm40,ME.14,0.48619433203438245,1.8226520590802764e-05,2.6142038104248755e-06,C_gaba_candidate
93,720575940661089921,8.277271539564035e-05,461.0,ACH,excitatory,central,left,PLP209,PLP.SPS.3,0.7001862055841821,,,not_classified
94,720575940613455986,7.765239825491266e-05,1439.0,ACH,excitatory,visual_projection,left,LT62,LO.AVLP.1,0.417477824583977,,,not_classified
95,720575940614614495,7.512454719477146e-05,1245.0,ACH,excitatory,visual_projection,right,LT61b,LO.AVLP.13,0.4355832754033262,,,not_classified
96,720575940640163773,7.357332792834459e-05,385.0,ACH,excitatory,optic,left,MeMe_e11,ME.189,0.6894007878342796,,,not_classified
97,720575940621148948,7.20610858896964e-05,794.0,GABA,inhibitory,visual_centrifugal,right,cL20,SPS.LO.1,0.5183237647276746,0.0002899058289382,8.77060170824e-05,C_gaba_candidate
98,720575940624394790,7.027816604227022e-05,1134.0,OCT,modulatory,central,center,OA-VUMa8,AVLP.36,0.42759166999261833,,,not_classified
99,720575940643255693,6.994081087879911e-05,1160.0,GLUT,glut,optic,left,Li27,LO.23,0.4204243319444618,,,not_classified
100,720575940621801819,6.813940590322254e-05,2284.0,GABA,inhibitory,optic,right,Pm12,ME.6,0.2572271629091123,,,not_classified
101,720575940630914245,6.757224256909167e-05,441.0,ACH,excitatory,central,right,LHPV3c1,PLP.MB_CA.1,0.6221123375078408,,,not_classified
102,720575940626309562,6.614202332599906e-05,1240.0,ACH,excitatory,visual_projection,left,LT61b,LO.AVLP.14,0.38125924014936086,,,not_classified
103,720575940641464309,6.490450551593918e-05,513.0,GABA,inhibitory,central,left,SAD013,WED.IPS.49,0.5707928534754734,9.11326029529036e-06,1.837233275547856e-05,C_gaba_candidate
104,720575940630460919,6.46292684833294e-05,773.0,OCT,modulatory,central,center,OA-VUMa4,AVLP.94,0.4771264128101089,,,not_classified
105,720575940617422731,6.373253865682438e-05,727.0,,unknown,optic,right,MeLp2,ME.LOP.3,0.48481189285331894,,,not_classified
106,720575940613302169,6.27277941252502e-05,403.0,ACH,excitatory,visual_centrifugal,left,LPT57,IPS.LOP.1,0.6100185208798816,,,not_classified
107,720575940639314229,6.049181278555693e-05,228.0,GABA,inhibitory,descending,left,DNge141,IPS.GNG.12,0.721623580113449,,,not_classified
108,720575940637902938,5.5026055052032063e-05,748.0,ACH,excitatory,central,left,MBON35,SMP.LAL.1,0.41474758995819805,,,not_classified
109,720575940625357547,5.387779631021994e-05,971.0,,unknown,visual_centrifugal,left,LT56,LO.29,0.3471451511013335,,,not_classified
110,720575940627796298,5.1786736987191606e-05,1743.0,GABA,inhibitory,central,left,AVLP080,AVLP.3,0.1988551939028147,3.586979252256928e-05,0.00015776876223303073,C_gaba_candidate
111,720575940622726271,5.0287120845260436e-05,1136.0,ACH,excitatory,central,right,DP1m_adPN,AL.MB_CA.2,0.2820783439771519,,,not_classified
112,720575940621522624,4.6217763397693457e-05,1277.0,GLUT,glut,optic,right,Li27,LO.19,0.21928306764442151,,,not_classified
113,720575940618340057,4.264219560007332e-05,701.0,GABA,inhibitory,central,left,PVLP093,AVLP.46,0.3187844690118746,6.780265659922513e-06,0.0001571438529553775,C_gaba_candidate
114,720575940619148829,4.177773379121508e-05,1449.0,ACH,excitatory,visual_projection,left,LT83,LO.AVLP.3,0.1471948327252912,,,not_classified
115,720575940615281361,4.113106531938859e-05,607.0,GABA,inhibitory,visual_centrifugal,left,LT36,LO.77,0.33539961805406904,1.253984616644832e-05,0.004379062176500951,C_gaba_candidate
116,720575940624258857,3.950221033993673e-05,1171.0,GLUT,glut,optic,left,Li27,LO.18,0.17067728991788833,,,not_classified
117,720575940611079236,3.895133328535305e-05,832.0,ACH,excitatory,central,left,VA2_adPN,AL.MB_CA.6,0.24118288704677848,,,not_classified
118,720575940606756030,3.8295978292302024e-05,1341.0,GABA,inhibitory,optic,right,Pm13,ME.12,0.12686006660745708,0.0004493097704471,-0.0003412629563855,not_classified
119,720575940623201833,3.771879738462269e-05,1096.0,GABA,inhibitory,central,left,MBON11,MB_PED.MB_ML.1,0.16550019680054273,,,not_classified
120,720575940612321122,3.761772101684713e-05,445.0,GLUT,glut,visual_centrifugal,right,cL14,SMP.LO.4,0.36622632894256046,,,not_classified
121,720575940622122672,3.737602507131177e-05,647.0,ACH,excitatory,visual_projection,left,LPT48_vCal3,LOP.PLP.4,0.2796360690085393,,,not_classified
122,720575940629382150,3.6481107909602795e-05,3320.0,GABA,inhibitory,optic,right,LPi12,LOP.5,-0.09742317139733281,,,not_classified
123,720575940633583059,3.542303249964851e-05,813.0,GABA,inhibitory,optic,left,LMa2,ME.32,0.20523277257103878,3.1526673044735e-05,9.568402552366501e-05,C_gaba_candidate
124,720575940627585874,3.53967811973499e-05,311.0,GABA,inhibitory,central,left,CB1231,SAD.16,0.4200217096045398,,,not_classified
125,720575940619055617,3.5357835346194744e-05,1250.0,GLUT,glut,optic,right,Li27,LO.22,0.10803756659719976,,,not_classified
126,720575940625146621,3.3969095920016734e-05,886.0,GABA,inhibitory,optic,left,LMa2,ME.29,0.16781800481272047,9.69650895432661e-06,0.00010600544375537339,C_gaba_candidate
127,720575940622979277,3.390816635895355e-05,352.0,ACH,excitatory,central,left,MBON27,CRE.LAL.3,0.3737207349936451,,,not_classified
128,720575940653213174,3.3585304992755916e-05,727.0,GABA,inhibitory,optic,right,LMa2,ME.39075,0.20721025982453423,8.748729883545359e-06,3.232863995061841e-05,C_gaba_candidate
129,720575940624117245,3.327350145099217e-05,1161.0,GLUT,glut,central,right,MBON01,MB_ML.SMP.1,0.09828181389519575,,,not_classified
130,720575940620082512,3.252379751489398e-05,331.0,ACH,excitatory,descending,right,DNge049,GNG.61,0.369430060171843,,,not_classified
131,720575940628467611,3.199900644829112e-05,755.0,ACH,excitatory,central,left,VL2p_adPN,AL.LH.5,0.17779558457197364,,,not_classified
132,720575940610116581,3.1544143360595633e-05,287.0,GABA,inhibitory,central,right,CB0033,SAD.WED.4,0.3880809860143719,,,not_classified
133,720575940626630693,3.086432462090505e-05,823.0,ACH,excitatory,visual_projection,right,LPT48_vCal3,LOP.PLP.2,0.1428454089942326,,,not_classified
134,720575940621814049,2.7718060001846734e-05,311.0,GLUT,glut,central,left,SMP376,SMP.28,0.3141595755669355,,,not_classified
135,720575940633324627,2.577053014835018e-05,623.0,ACH,excitatory,visual_projection,left,LTe12,LO.AVLP.22,0.12715365809996548,,,not_classified
136,720575940624225741,2.4786281515587483e-05,1315.0,GLUT,glut,optic,left,Li28,LO.5425,-0.05707708552855273,,,not_classified
137,720575940624163303,2.4538201524149095e-05,408.0,GABA,inhibitory,central,center,CB3916,GNG.SPS.1,0.20071655571557834,1.363343740201639e-05,-4.665989271290805e-06,not_classified
138,720575940631023159,2.3623695116437027e-05,1077.0,ACH,excitatory,visual_projection,right,LTe26,LO.AVLP.11,-0.033105989527853374,,,not_classified
139,720575940625380169,2.2762492838390713e-05,297.0,GABA,inhibitory,central,left,PLP051,PLP.SPS.9,0.23925462575776635,8.748729883545359e-06,0.0003372635370100546,C_gaba_candidate
140,720575940627053861,2.2623256686837845e-05,794.0,GABA,inhibitory,optic,left,Pm13,ME.37,0.01649127921082627,0.000129043765782,0.00012096160579439999,C_gaba_candidate
141,720575940633310801,2.238636280066375e-05,400.0,ACH,excitatory,visual_projection,right,MTe44,ME.PLP.3,0.16545785489009912,,,not_classified
142,720575940630496374,2.18358618367942e-05,1329.0,GLUT,glut,central,right,MBON05,MB_ML.4,-0.11425613566817727,,,not_classified
143,720575940631942341,2.121525371318045e-05,505.0,OCT,modulatory,central,center,OA-VUMa2,LH.AL.1,0.09005866449261113,,,not_classified
144,720575940628592968,2.080822705063934e-05,1046.0,GABA,inhibitory,visual_projection,right,LT11,LO.24,-0.08142588549282248,,,not_classified
145,720575940605899692,1.9688314464361145e-05,1258.0,ACH,excitatory,visual_projection,left,LT1d,LO.AVLP.4,-0.14669576041487442,,,not_classified
146,720575940640175731,1.9300083645368282e-05,690.0,GABA,inhibitory,optic,left,LMa2,ME.39076,-0.02072599404006059,4.213971560584895e-05,-1.1227536684144106e-05,not_classified
147,720575940624604710,1.9018275271953655e-05,388.0,GABA,inhibitory,central,right,WED075,IPS.1,0.1018025571070984,1.2029503590027524e-05,-1.020685153285683e-06,not_classified
148,720575940619071005,1.901123981723485e-05,990.0,ACH,excitatory,central,right,DM1_lPN,AL.MB_CA.4,-0.10812362088772787,,,not_classified
149,720575940621392219,1.736276953429039e-05,246.0,GABA,inhibitory,optic,right,TmY15,ME.604,0.16434954340535946,,,not_classified
150,720575940622749210,1.679837290169406e-05,654.0,GABA,inhibitory,optic,right,LMa2,ME.39078,-0.0686827405453867,0.0001076093775674,-7.713463513972255e-05,not_classified
151,720575940659860609,1.6397064802664563e-05,106.0,ACH,excitatory,central,left,CB0528,GNG.1154,0.3272972696349621,,,not_classified
152,720575940615149836,1.588145212727543e-05,377.0,ACH,excitatory,visual_projection,left,aMe20,PLP.14,0.0304046392119508,,,not_classified
153,720575940644968302,1.5138855218033154e-05,501.0,ACH,excitatory,central,right,CB0264,AVLP.74,-0.05389919929133047,,,not_classified
154,720575940622998627,1.4625177371774267e-05,808.0,GABA,inhibitory,central,right,CB0580,GNG.ICL.4,-0.17583461065278794,1.0935912354570476e-05,-2.1871824710251175e-06,not_classified
155,720575940609774091,1.37336839798885e-05,445.0,GABA,inhibitory,optic,right,Pm09,ME.244,-0.06938126461457195,1.020685153085843e-05,4.301458859434783e-06,C_gaba_candidate
156,720575940613620246,1.3693068781350792e-05,406.0,GABA,inhibitory,optic,right,LMa4,LO.106,-0.050131952242513655,8.748729883545359e-06,4.374364941384101e-07,C_gaba_candidate
157,720575940661142657,1.3650986593616299e-05,417.0,GLUT,glut,optic,left,LMa5,ME.246,-0.057441125511972224,,,not_classified
158,720575940615139503,1.3437683999417693e-05,427.0,GLUT,glut,optic,right,LMa5,ME.106,-0.06953385120621114,,,not_classified
159,720575940635028591,1.3317825482639378e-05,464.0,ACH,excitatory,central,left,PVLP137,AVLP.GNG.4,-0.09199511687902717,,,not_classified
160,720575940634428058,1.3206512556485084e-05,192.0,GABA,inhibitory,descending,right,DNge043,SPS.GNG.27,0.10163915441792426,8.384199471800358e-06,4.186892158530853e-06,C_gaba_candidate
161,720575940621615451,1.3122292103595612e-05,366.0,GABA,inhibitory,optic,left,Pm08,ME.253,-0.04528025645812761,9.373639160981106e-06,0.0004091593493744189,C_gaba_candidate
162,720575940625013687,1.2443933600281287e-05,279.0,GABA,inhibitory,optic,right,Pm05,ME.421,-0.007459416057709944,,,not_classified
163,720575940612860273,1.2430099272597861e-05,377.0,GLUT,glut,visual_projection,right,MeMe_e08,ME.371,-0.07525708717733615,,,not_classified
164,720575940638624189,1.226393830067174e-05,550.0,ACH,excitatory,central,right,DM2_lPN,AL.MB_CA.19,-0.1655863682687837,,,not_classified
165,720575940614236200,1.191390846033702e-05,223.0,ACH,excitatory,descending,right,DNpe016,SPS.73,0.02384595476336937,,,not_classified
166,720575940645564183,1.178499073811734e-05,410.0,ACH,excitatory,visual_projection,left,MTe44,ME.PLP.2,-0.11698782920376072,,,not_classified
167,720575940635535608,1.1550004744065312e-05,241.0,GABA,inhibitory,optic,right,Pm05,ME.505,-0.0068500657583365765,,,not_classified
168,720575940615941782,1.1289037580630712e-05,402.0,,unknown,optic,left,Tlp14,LOP.51,-0.13109033770606793,,,not_classified
169,720575940634978329,1.1190291079599124e-05,328.0,GABA,inhibitory,optic,left,Dm13,ME.771,-0.08936314340514784,,,not_classified
170,720575940624959496,1.1186937171780986e-05,447.0,ACH,excitatory,visual_projection,left,LT86,LO.VES.3,-0.15874666265424953,,,not_classified
171,720575940618500753,1.0985662857676548e-05,221.0,GABA,inhibitory,optic,right,Pm05,ME.669,-0.009064875876280354,,,not_classified
172,720575940623468691,1.0935232917896887e-05,545.0,ACH,excitatory,descending,left,DNa10,SPS.4,-0.2129168606882601,,,not_classified
173,720575940636687215,1.0875728574721855e-05,216.0,GABA,inhibitory,optic,right,Pm05,ME.549,-0.008283245701304232,,,not_classified
174,720575940605513649,1.0425830799798419e-05,203.0,GABA,inhibitory,descending,right,DNg90,GNG.255,-0.012602533533552673,2.449644367386039e-05,-1.6112244202060033e-05,not_classified
175,720575940629911595,1.0115465189863837e-05,298.0,GABA,inhibitory,central,left,PLP017,PLP.AVLP.13,-0.11136228848891783,,,not_classified
176,720575940632045263,9.980734008874226e-06,331.0,GABA,inhibitory,optic,left,Pm08,ME.377,-0.1406122971868946,,,not_classified
177,720575940620846027,9.675309985912595e-06,346.0,GABA,inhibitory,central,left,CB0385,PVLP.AVLP.46,-0.1638864218785585,,,not_classified
178,720575940621929641,9.629221898399543e-06,267.0,ACH,excitatory,central,right,CL211,AVLP.GNG.19,-0.10798939927819884,,,not_classified
179,720575940625811812,9.6164895424522e-06,56.0,GABA,inhibitory,optic,right,Sm07,ME.8384,0.23866952810461495,9.842321119002406e-06,2.187182470803073e-06,C_gaba_candidate
180,720575940635394552,9.392858772716561e-06,85.0,ACH,excitatory,optic,left,Tm16,ME.2312,0.13629664100416505,,,not_classified
181,720575940620661780,9.324013754752336e-06,285.0,GABA,inhibitory,optic,right,Pm05,ME.356,-0.13641325796049752,,,not_classified
182,720575940639887413,8.810745091791805e-06,494.0,GABA,inhibitory,optic,right,Pm09,ME.89,-0.28378758859240527,7.509326483412515e-06,2.041370306127277e-06,C_gaba_candidate
183,720575940619109147,8.799557309702166e-06,324.0,GABA,inhibitory,optic,left,Pm08,ME.373,-0.18995591016500057,9.477790707257404e-06,1.0935912354570476e-06,C_gaba_candidate
184,720575940615278994,8.73321636923885e-06,346.0,GABA,inhibitory,optic,left,Dm13,ME.504,-0.20789809153307726,8.821635965827745e-06,-7.290608228238682e-08,not_classified
185,720575940641811419,8.713799660053922e-06,99.0,,unknown,motor,left,CB0913,GNG.1504,0.0702307207013364,,,not_classified
186,720575940618757666,8.707597013934976e-06,551.0,SER,modulatory,central,left,lLN2T_c,AL.30,-0.3132925010279708,,,not_classified
187,720575940613139418,8.514372453138908e-06,314.0,GABA,inhibitory,optic,right,Pm08,ME.243,-0.1970902054173047,,,not_classified
188,720575940620136827,8.411476960235031e-06,290.0,GABA,inhibitory,optic,right,Dm13,ME.598,-0.18453197443764768,,,not_classified
189,720575940633668435,8.322617987499559e-06,276.0,GABA,inhibitory,optic,right,Dm18,ME.765,-0.17802969907245014,,,not_classified
190,720575940645886243,8.293695116567967e-06,65.0,ACH,excitatory,optic,right,TmY3,ME.LO.983,0.14222774057783472,,,not_classified
191,720575940645099976,8.259998634685406e-06,282.0,GABA,inhibitory,optic,right,Pm08,ME.424,-0.18607756388057162,,,not_classified
192,720575940637506281,8.187886806509947e-06,434.0,GABA,inhibitory,optic,right,Dm13,ME.195,-0.28627346369335616,1.684130502577208e-05,0.0002091883806080279,C_gaba_candidate
193,720575940634966708,8.1432551274907e-06,228.0,GABA,inhibitory,optic,right,Pm06,ME.601,-0.14469162439784355,,,not_classified
194,720575940637638798,8.129407113366405e-06,42.0,ACH,excitatory,optic,right,Tm8a,ME.LO.9172,0.22975257528070436,,,not_classified
195,720575940626581672,8.072167949346731e-06,18.0,ACH,excitatory,optic,right,T4d,ME.LOP.2321,0.40993437760552176,,,not_classified
196,720575940638092634,7.758478293817817e-06,72.0,ACH,excitatory,central,left,CB2607,GNG.1235,0.09100084261004504,,,not_classified
197,720575940631791672,7.31584203134128e-06,24.0,ACH,excitatory,central,left,KCg-m,MB_CA.MB_ML.968,0.30619682906682044,,,not_classified
198,720575940623115222,7.210465479912109e-06,11.0,,unknown,optic,right,T1,ME.36366,0.46462284641761187,,,not_classified
199,720575940640164029,7.078496383206012e-06,48.0,ACH,excitatory,central,right,vDeltaF,FB.775,0.14111724066168208,,,not_classified
200,720575940604942816,6.605402008363903e-06,25.0,GLUT,glut,optic,left,Dm15,ME.36126,0.25366332282431525,,,not_classified
