rank,root_id,cis,total_degree,in_degree,out_degree,nt_type,nt_sign,super_class,side,primary_type,name,emp_p_degree_matched,peer_pool_n,peer_median_cis,cis_excess_ratio,gaba_vs_matched_ctrl,class_label,super_class_cls,class,side_cls,top_input_neuropils,top_output_neuropils
1,720575940628908548,0.0240045428644694,12444.0,5997.0,6447.0,GABA,inhibitory,optic,right,CT1,LO.5422,0.0,1,0.010214687198782,2.350002735994852,,A_strong_chokepoint|D_visual_system,optic,optic_lobe_intrinsic,right,LO_L:38713; ME_L:16662; LOP_L:216,LO_L:67031; ME_L:25902; LOP_L:23
2,720575940626979621,0.010214687198782,12784.0,6261.0,6523.0,GABA,inhibitory,optic,left,CT1,LO.1,1.0,1,0.0240045428644694,0.4255314194673306,,B_degree_driven_hub|D_visual_system,optic,optic_lobe_intrinsic,left,LO_R:37950; ME_R:18779; LOP_R:333,LO_R:63914; ME_R:28700; WED_R:4
3,720575940631180599,0.0032440550787002,858.0,201.0,657.0,OCT,modulatory,visual_centrifugal,left,OA-AL2i1,ME.131,0.0,83,2.080947893745577e-05,155.89314314166674,,A_strong_chokepoint|D_visual_system,visual_centrifugal,,left,ME_L:764; SPS_L:672; SPS_R:190,ME_L:2544; LO_L:316; LOP_L:91
4,720575940626044942,0.0002898954137836,2063.0,240.0,1823.0,ACH,excitatory,visual_centrifugal,right,OA-AL2b2,IPS.ME.3,0.291,18,0.0001927376438805,1.5040933776450534,,B_degree_driven_hub|D_visual_system,visual_centrifugal,,right,IPS_R:1212; SPS_R:751; GNG:358,ME_R:9141; ME_L:4343; AME_R:90
5,720575940629513222,0.0004083469673139,4021.0,2197.0,1824.0,GABA,inhibitory,optic,left,Am1,LOP.4,0.0,2,0.0001380112139127,2.95879556259983,,A_strong_chokepoint|D_visual_system,optic,optic_lobe_intrinsic,left,LOP_L:19304; ME_L:2470; LO_L:2026,LOP_L:8105; LO_L:3318; ME_L:2551
6,720575940626403917,0.0003808197136446,1909.0,1014.0,895.0,ACH,excitatory,optic,left,MeMe_e13,ME.LO.2,0.0685,14,0.0001910582001976,1.993213132180148,,B_degree_driven_hub|D_visual_system,optic,bilateral,left,ME_L:5608; ME_R:31; LOP_R:6,LO_R:5638; ME_R:5549; ME_L:2935
7,720575940636543668,0.0033097313078953,1891.0,1079.0,812.0,ACH,excitatory,optic,right,MeMe_e13,ME.LO.1,0.0,16,0.0001239846044238,26.694695871919645,,A_strong_chokepoint|D_visual_system,optic,bilateral,right,ME_R:6582; LO_L:10; ME_L:10,LO_L:5656; ME_L:4558; ME_R:3498
8,720575940647075619,0.0016408763654296,958.0,456.0,502.0,GABA,inhibitory,central,left,CB0109,GNG.1,0.024,51,2.4361046663812225e-05,67.35656263353941,0.0016337315693579,B_intermediate|C_gaba_exploratory,central,,left,GNG:2985; VES_L:185; WED_L:166,GNG:2813; VES_L:89; SAD:73
9,720575940620008758,0.0001200763176515,4429.0,1986.0,2443.0,GABA,inhibitory,optic,right,LPi13,LOP.1,0.7485,4,0.0003008104958288,0.3991759573438447,,B_degree_driven_hub|D_visual_system,optic,optic_lobe_intrinsic,right,LOP_R:23059,LOP_R:26958
10,720575940625952755,0.0003446999574112,4687.0,2183.0,2504.0,GABA,inhibitory,optic,right,Li33,LO.3,0.326,3,0.0001200763176515,2.8706739526405056,,B_degree_driven_hub|D_visual_system,optic,optic_lobe_intrinsic,right,LO_L:30852; PLP_L:40; PVLP_L:14,LO_L:36485; PLP_L:10; PVLP_L:2
11,720575940625871408,0.0011416155134092,872.0,443.0,429.0,GABA,inhibitory,central,right,CB0109,GNG.5,0.0225,77,2.114276388520686e-05,53.99556650245069,0.001133158407855,B_intermediate|C_gaba_exploratory,central,,right,GNG:2750; SAD:249; VES_R:128,GNG:2358; SAD:161; VES_R:56
12,720575940613583001,0.0004983859790319,5678.0,2883.0,2795.0,GABA,inhibitory,central,right,APL,MB_ML.MB_CA.1,1.0,1,0.0011140049385031,0.4473821989529404,,B_degree_driven_hub,central,MBIN,right,MB_ML_R:17974; MB_CA_R:14218; MB_PED_R:11178,MB_CA_R:15058; MB_ML_R:13642; MB_PED_R:7739
13,720575940628038808,0.0002445165850901,1751.0,217.0,1534.0,ACH,excitatory,visual_centrifugal,left,cM15,IPS.ME.5,0.353,14,0.0001725634893753,1.416965929323896,,B_degree_driven_hub|D_visual_system,visual_centrifugal,,left,IPS_R:977; IPS_L:841; ME_R:604,ME_R:15893
14,720575940632777320,0.0002436312969471,2275.0,266.0,2009.0,ACH,excitatory,visual_centrifugal,right,OA-AL2b2,IPS.ME.1,0.2425,18,0.0001934094213538,1.2596661281637482,,B_degree_driven_hub|D_visual_system,visual_centrifugal,,right,IPS_R:1324; SPS_R:968; GNG:443,ME_R:10495; ME_L:4388; AME_L:92
15,720575940627497244,0.0017371957153853,4516.0,2138.0,2378.0,GABA,inhibitory,optic,left,Li33,LO.4,0.0,4,0.0001884986759489,9.21595712351769,,A_strong_chokepoint|D_visual_system,optic,optic_lobe_intrinsic,left,LO_R:31915; PLP_R:28; PVLP_R:19,LO_R:37142; PVLP_R:7; PLP_R:5
16,720575940612976497,0.0001937114608377,2034.0,210.0,1824.0,ACH,excitatory,visual_centrifugal,left,cM05,GNG.ME.1,0.472,17,0.0001917638269233,1.0101564197259028,,B_degree_driven_hub|D_visual_system,visual_centrifugal,,left,GNG:833; IPS_R:386; ME_R:171,ME_R:22387; IPS_R:1; SPS_R:1
17,720575940620781515,0.0005296731035201,721.0,313.0,408.0,GLUT,glut,visual_projection,right,MeMe_e07,ME.55,0.0,127,1.837233275547856e-05,28.829931972694038,,A_strong_chokepoint,visual_projection,bilateral,right,ME_R:1296; AME_R:2; IPS_R:1,ME_L:1165; ME_R:559; IPS_R:87
18,720575940631999685,0.000118378647448,1425.0,1248.0,177.0,ACH,excitatory,visual_projection,left,H2,LOP.IPS.2,0.2155,29,3.4557483040043024e-05,3.425557564792682,,B_degree_driven_hub,visual_projection,,left,LOP_L:11413; IPS_R:185; GNG:22,IPS_R:1438; LOP_L:467; GNG:61
19,720575940625525740,0.0004045975116495,2201.0,235.0,1966.0,ACH,excitatory,visual_centrifugal,left,OA-AL2b2,IPS.ME.2,0.0,25,0.0001460933739003,2.7694446424756087,,A_strong_chokepoint|D_visual_system,visual_centrifugal,,left,IPS_L:1061; SPS_L:572; GNG:293,ME_L:8606; ME_R:5618; AME_R:67
20,720575940627996285,0.0003034976057215,1942.0,229.0,1713.0,ACH,excitatory,visual_centrifugal,left,OA-AL2b2,IPS.ME.4,0.244,12,0.0001901208362815,1.5963405782214903,,B_degree_driven_hub|D_visual_system,visual_centrifugal,,left,IPS_L:1011; SPS_L:654; GNG:319,ME_L:7358; ME_R:4942; AME_L:66
21,720575940631190016,0.0001514884239951,1692.0,246.0,1446.0,ACH,excitatory,visual_centrifugal,right,cM15,IPS.ME.6,0.4575,13,3.65988533461703e-05,4.139157655085428,,B_degree_driven_hub|D_visual_system,visual_centrifugal,,right,IPS_L:874; IPS_R:845; ME_L:515,ME_L:13461; AME_L:2
22,720575940623133097,0.0001950550157843,2281.0,1561.0,720.0,GABA,inhibitory,optic,left,Pm12,ME.8,0.527,19,0.0001996585141278,0.9769431403231952,,B_degree_driven_hub|D_visual_system,optic,optic_lobe_intrinsic,left,ME_L:14153,ME_L:4601
23,720575940650929273,0.0003552400938898,879.0,242.0,637.0,DA,modulatory,descending,left,DNp32,SCL.WED.1,0.04,75,2.114276388520686e-05,16.80197044334533,,B_intermediate,descending,,left,SCL_L:564; SLP_L:495; SIP_L:288,WED_L:47; AL_R:43; AVLP_L:29
24,720575940622696944,0.000129043765782,778.0,466.0,312.0,ACH,excitatory,visual_projection,right,MeLp1,ME.LOP.5,0.0905,106,2.0793856205458816e-05,6.205860255404074,,B_degree_driven_hub,visual_projection,bilateral,right,ME_R:1553; LOP_R:1,LOP_R:805; IPS_R:544; IPS_L:406
25,720575940631945815,0.0001884778456396,2021.0,206.0,1815.0,ACH,excitatory,visual_centrifugal,right,cM05,GNG.ME.2,0.641,16,0.0001966849874828,0.9582726574703748,,B_degree_driven_hub|D_visual_system,visual_centrifugal,,right,GNG:980; IPS_L:298; IPS_R:112,ME_L:20883; AME_L:12
26,720575940623444044,0.001872632650247,2499.0,1180.0,1319.0,GABA,inhibitory,optic,left,Sm42,ME.2,0.0,18,0.0002225718542988,8.413609421308877,,A_strong_chokepoint|D_visual_system,optic,optic_lobe_intrinsic,left,ME_L:16521; AME_L:26,ME_L:19710; AME_L:4
27,720575940622516852,0.0003702049352244,1180.0,259.0,921.0,OCT,modulatory,visual_centrifugal,right,OA-AL2i1,ME.35,0.0375,51,5.169041239527772e-05,7.161965209205012,,B_intermediate|D_visual_system,visual_centrifugal,,right,ME_R:926; SPS_R:847; LOP_R:397,ME_R:3679; LO_R:444; LOP_R:366
28,720575940624547622,0.0011140049385031,5654.0,2875.0,2779.0,GABA,inhibitory,central,left,APL,MB_ML.1,0.0,1,0.0004983859790319,2.235225277940012,,A_strong_chokepoint,central,MBIN,left,MB_ML_L:22678; MB_CA_L:13330; MB_PED_L:13330,MB_ML_L:18435; MB_CA_L:16033; MB_PED_L:10475
29,720575940621393172,0.0002843163626237,1702.0,1045.0,657.0,GABA,inhibitory,optic,left,Pm14,ME.39073,0.1735,12,9.404363867066e-05,3.0232386437044285,,B_degree_driven_hub|D_visual_system,optic,optic_lobe_intrinsic,left,ME_L:7893; AME_L:6,ME_L:5670
30,720575940613065130,0.0003643845996491,2615.0,668.0,1947.0,GABA,inhibitory,visual_centrifugal,right,cL21,PVLP.LO.2,0.4725,13,0.0003395236255635,1.0732231050029,,B_degree_driven_hub|D_visual_system,visual_centrifugal,,right,PVLP_R:5828; AVLP_R:2559; PLP_R:390,LO_R:13555; PVLP_R:88; AVLP_R:31
31,720575940635089945,0.0002820892553935,1216.0,345.0,871.0,GLUT,glut,visual_centrifugal,left,cML01,AVLP.ME.2,0.079,54,4.768057786536106e-05,5.916229794657269,,B_degree_driven_hub|D_visual_system,visual_centrifugal,,left,AVLP_L:1139; PVLP_L:765; PLP_L:173,ME_L:8063; LO_L:3815; IPS_L:74
32,720575940628082053,0.0001794947747771,1273.0,187.0,1086.0,GABA,inhibitory,visual_centrifugal,right,LT42,LO.21,0.1825,47,4.738895353595396e-05,3.787692307681084,0.0001663716799518,B_degree_driven_hub|D_visual_system+C_gaba_exploratory,visual_centrifugal,,right,LO_R:612; SPS_R:432; IPS_R:360,LO_R:6969; IPS_R:47; SPS_R:11
33,720575940613686698,0.0001460933739003,2344.0,1391.0,953.0,GABA,inhibitory,optic,left,Sm41,ME.5,0.661,21,0.0002015124116505,0.7249844945218868,,B_degree_driven_hub|D_visual_system,optic,optic_lobe_intrinsic,left,ME_L:15989,ME_L:6646
34,720575940625049781,0.0010640642720846,2673.0,681.0,1992.0,GABA,inhibitory,visual_centrifugal,left,cL21,PVLP.LO.1,0.15,13,0.0003395236255635,3.1339918402392053,,B_degree_driven_hub|D_visual_system,visual_centrifugal,,left,PVLP_L:6544; AVLP_L:1188; PLP_L:635,LO_L:13594; PVLP_L:103; LOP_L:7
35,720575940614710509,0.000241975287362,1389.0,390.0,999.0,GLUT,glut,visual_centrifugal,right,cML01,AVLP.ME.1,0.03,33,4.738895353595396e-05,5.106153846137201,,B_intermediate|D_visual_system,visual_centrifugal,,right,AVLP_R:2333; PVLP_R:611; GNG:168,ME_R:10691; LO_R:4250; AME_R:25
36,720575940611563310,0.0012878546994744,2691.0,1317.0,1374.0,GABA,inhibitory,optic,right,Sm42,ME.39072,0.074,13,0.0003395236255635,3.793122488418376,,B_degree_driven_hub|D_visual_system,optic,optic_lobe_intrinsic,right,ME_R:20920; AME_R:17,ME_R:22239; AME_R:12
37,720575940623888397,0.0005871178888448,2507.0,1561.0,946.0,GABA,inhibitory,optic,right,Pm14,ME.3,0.182,17,0.0002015124116505,2.9135569567938555,,B_degree_driven_hub|D_visual_system,optic,optic_lobe_intrinsic,right,ME_R:12862; LOP_R:350; AME_R:7,ME_R:9714; LOP_R:265
38,720575940618444473,0.0003395236255635,2539.0,666.0,1873.0,GABA,inhibitory,visual_centrifugal,left,cL21,PVLP.LO.4,0.504,12,0.0003125093182593,1.0864432057726752,,B_degree_driven_hub|D_visual_system,visual_centrifugal,,left,PVLP_L:6856; AVLP_L:1804; PLP_L:512,LO_L:12189; PVLP_L:101; LOP_L:11
39,720575940626039996,0.000349595080084,1773.0,1087.0,686.0,GABA,inhibitory,optic,left,Pm14,ME.11,0.1615,13,0.0001936385547556,1.8054001721156363,0.0001050784949939,B_degree_driven_hub|D_visual_system+C_gaba_exploratory,optic,optic_lobe_intrinsic,left,ME_L:7920; AME_L:7,ME_L:5669; AME_L:2
40,720575940628346634,0.0003036434178863,954.0,284.0,670.0,ACH,excitatory,visual_centrifugal,right,cM14,SPS.ME.1,0.0785,50,2.6397209392625687e-05,11.502860524763744,,B_degree_driven_hub|D_visual_system,visual_centrifugal,,right,SPS_R:1558; IB_R:731; ICL_R:295,ME_L:6032; SPS_L:810; IPS_L:116
41,720575940631758393,0.0014555282737541,1593.0,766.0,827.0,DA,modulatory,central,right,PPL103,SMP.MB_ML.1,0.0,16,4.959175873869848e-05,29.35020476735707,,A_strong_chokepoint,central,DAN,right,SMP_R:533; MB_VL_L:527; CRE_R:472,MB_ML_L:450; MB_VL_L:363; MB_VL_R:356
42,720575940609137500,0.0003917972866174,1309.0,179.0,1130.0,GABA,inhibitory,visual_centrifugal,left,LT42,LO.20,0.025,42,4.731604745356055e-05,8.280431432950147,,B_intermediate|D_visual_system,visual_centrifugal,,left,LO_L:533; SPS_L:310; PLP_L:307,LO_L:7263; IPS_L:12; CRE_L:4
43,720575940608181122,0.0001187119323959,1250.0,427.0,823.0,GABA,inhibitory,optic,left,Dm17,ME.17,0.2425,48,4.731604745356055e-05,2.508914813996244,9.67672016046987e-05,B_degree_driven_hub|D_visual_system+C_gaba_exploratory,optic,optic_lobe_intrinsic,left,ME_L:3938; AME_L:6,ME_L:4250
44,720575940633305681,0.0002545047183737,2714.0,1700.0,1014.0,ACH,excitatory,optic,left,Li30,LO.8,0.6515,14,0.0003519541126063,0.7231190352885274,,B_degree_driven_hub|D_visual_system,optic,optic_lobe_intrinsic,left,LO_L:26354; PVLP_L:3,LO_L:13917
45,720575940632795532,0.0002606340368696,2320.0,976.0,1344.0,GABA,inhibitory,central,left,lLN2F_b,AL.1,0.2685,22,0.000197356764956,1.320623779618609,,B_degree_driven_hub,central,ALLN,left,AL_L:11422; LAL_L:34; CRE_L:13,AL_L:18731; LAL_L:31; CRE_L:18
46,720575940632689199,0.0019127691844468,1047.0,346.0,701.0,GABA,inhibitory,visual_centrifugal,right,LT36,PLP.LO.1,0.0,61,2.4361046663812225e-05,78.51752885840502,0.0019043849849749,A_strong_chokepoint|D_visual_system+C_gaba_exploratory,visual_centrifugal,,right,PLP_L:1303; LO_L:854; SPS_L:781,LO_L:7365; IB_L:14; PLP_L:1
47,720575940628069501,0.0004019416472205,3243.0,1709.0,1534.0,GABA,inhibitory,optic,left,Li32,LO.5423,0.0,5,8.807054749437881e-05,4.563859981069954,,A_strong_chokepoint|D_visual_system,optic,optic_lobe_intrinsic,left,LO_L:26265; PLP_L:2,LO_L:17224
48,720575940639172585,0.0002076365225691,768.0,184.0,584.0,ACH,excitatory,visual_centrifugal,left,cMLLP01,GNG.LO.1,0.0445,111,1.983045440268061e-05,10.470588235290164,,B_intermediate|D_visual_system,visual_centrifugal,,left,GNG:555; IPS_L:394; SPS_L:254,LO_L:2307; ME_L:2187; IPS_L:497
49,720575940624181700,0.0001178891351806,784.0,419.0,365.0,GABA,inhibitory,optic,left,Li21,LO.32,0.1335,111,1.983045440268061e-05,5.944852941175709,-8.97473873885e-05,B_degree_driven_hub|D_visual_system,optic,optic_lobe_intrinsic,left,LO_L:4437,LO_L:1869
50,720575940611719378,0.0007579680852846,499.0,137.0,362.0,OCT,modulatory,visual_centrifugal,right,OA-AL2i4,ME.398,0.0025,319,1.1154630601417637e-05,67.95098039268828,,A_strong_chokepoint|D_visual_system,visual_centrifugal,,right,ME_R:499; SPS_R:257; IPS_R:141,ME_R:1458; IPS_R:161; SPS_R:72
