gaba_target,ctrl_target
40999,128837
122148,111127
117591,109116
35309,71334
83246,73990
82176,15807
57691,105371
114524,84941
24646,75708
99881,119573
73959,85211
69357,101914
83792,107576
9384,37720
2835,17293
72365,105655
50016,95698
124847,135689
129023,2431
94868,20753
3777,75216
31840,68592
29921,68361
85463,54256
87106,56197
5587,34300
54034,41165
132256,31287
123103,40658
62094,101042
89308,31632
104941,18331
5671,102709
112164,106036
116004,37407
744,99655
61362,22177
23016,37057
71435,136085
4862,86991
108699,91381
116253,44733
19251,65686
116288,62054
116968,78235
80661,27370
127418,91416
39348,74461
134520,7444
14893,106983
33633,98393
114938,27447
670,9243
111977,120693
7653,49326
119430,68054
69562,105159
73051,27140
116324,40490
124323,10401
52941,74917
60489,17877
85013,76806
61219,98170
93324,80813
78911,37662
133266,57663
81284,78870
47107,11637
115040,13492
121577,115822
112013,53924
93061,48954
31054,16295
57674,86118
5695,23379
25078,3437
79342,56024
47213,81270
122380,59973
64382,125528
56151,36561
91569,45218
93685,60819
80657,101455
58006,135312
90081,87741
51150,98096
89921,122606
103543,127645
68965,66352
38820,133449
111913,118371
40247,97241
122707,35405
55636,81247
136277,128804
129092,120284
88054,1896
7855,132098
34608,121873
53017,130044
10004,28013
44054,25238
11830,92801
34427,18949
33408,126660
74717,200
67006,96896
63524,87572
3180,67508
127741,135651
39433,34249
11056,32831
100243,132117
96677,36345
105194,108741
52313,37259
116724,7076
115295,103996
69991,66616
60117,94607
103458,96042
112400,64887
65167,11774
67191,85159
85886,108056
23149,52800
119385,109704
91286,36645
56344,19976
27567,103641
58142,130594
9270,92915
93709,131405
120915,115950
58954,63632
26695,56577
125314,59336
42573,111191
40782,3662
111165,21199
44542,47457
18481,125460
127639,22315
34920,87045
51139,131160
86423,7994
21102,75249
50818,113330
71486,24570
27998,56776
50177,34329
23117,41662
136339,85746
89518,109807
78223,45282
86466,46616
68482,22674
40416,125301
47543,57682
122908,135282
52809,108074
15284,114773
33564,133052
1768,84663
18972,22851
17559,29745
3439,55877
20008,62747
10436,31516
125450,98416
128960,60058
102703,3795
109391,104312
44774,65392
48606,130223
74720,4271
67595,34387
3473,65654
113010,96375
134004,112988
105854,31601
53199,71915
91571,87674
14840,99036
17273,87008
21341,42575
49405,19452
86046,43956
23087,64211
136402,11012
32194,40558
11163,51197
94342,124207
110670,96131
42612,60479
120560,39336
17684,14541
3097,96086
79084,58550
121053,48340
84860,88954
127590,51782
7374,96874
124726,121967
47122,125703
104865,45872
17089,132090
117999,36442
35380,105567
89578,49897
104416,27644
64400,101715
110966,3743
128095,45695
125772,26175
12013,104035
16314,73702
84541,114118
85962,34166
55255,95575
17038,36715
100713,69323
3646,18939
105184,21208
17623,104221
69996,107439
48845,38637
56541,14522
124519,78332
91905,20297
132351,20375
48692,73279
111275,95793
3819,99331
131938,41803
12330,89179
95444,121710
120050,119938
65310,110657
105862,132680
129715,41305
21910,18489
118498,124230
8270,115835
131141,597
94617,112725
125370,106991
38806,96076
60507,113417
33744,106383
116644,109510
29010,5386
44373,16532
85315,102360
5745,135306
51655,15011
41858,120513
110378,57694
84471,131824
20402,97641
89522,124870
50467,89875
33189,72591
44552,135041
39072,32574
119143,16164
115032,88671
104260,25805
17533,79257
135311,23463
48613,40550
127091,12058
63390,79104
63392,119358
46643,54287
7306,129249
7752,129736
22422,61073
23975,32059
95009,77577
102794,63836
78069,896
68669,55350
50856,136911
22124,42462
124775,5001
127993,120175
11403,94088
5464,115736
70980,90681
129211,125456
70790,137424
73765,99675
50703,5752
71766,118330
59409,77380
70519,95700
1431,79720
81812,105306
36820,42003
11812,14142
49812,137113
111601,78569
64364,115384
8266,38818
66348,68519
70800,115961
55117,135396
73641,46850
118783,134634
64394,85830
3810,6643
87827,29269
25171,85689
57242,100420
82423,128908
130887,9718
120406,75903
116221,100425
29978,47588
60386,77892
18415,13680
129474,129434
405,97139
49430,113267
133349,5597
43706,17686
105190,53139
44948,80037
115909,44694
71340,77002
20829,72568
30626,92246
37243,42581
5853,131436
100463,32136
40345,98905
68293,41337
68585,96325
105708,108535
10557,83026
7947,18908
131142,122903
132252,76411
3498,66040
51148,104415
25465,94880
118097,69505
65361,49689
113513,22420
98913,136975
93568,20682
15511,135982
16494,31569
119063,7853
27270,48998
87600,54000
136369,640
121659,77080
104534,22686
112214,31984
126496,92386
75140,64907
79430,42271
114484,120572
115139,118076
20217,82948
86993,1124
95602,17989
101232,133311
20152,109587
96895,107745
111828,123298
130706,35299
15627,37237
94859,54947
95649,137085
99341,18416
116441,87935
134622,114637
106161,35825
12489,16825
30239,124776
81034,44523
73905,51054
131561,23635
88533,101993
71785,1328
51143,111141
121191,98728
8420,124216
97002,80367
45,27492
813,61581
52660,22225
80883,122734
84328,5494
17648,116786
82875,65737
120544,137433
13917,98127
10992,93161
102810,78168
4926,44058
72083,89951
118137,57820
14562,11657
64258,70973
81884,79536
65646,42849
90033,129406
62535,9709
47922,82047
18232,70567
93618,85790
112986,5606
11501,101928
54970,3955
40213,128990
73822,19565
17835,46027
27888,59956
76617,132116
46261,79882
123167,18868
48647,34034
98736,14428
75817,107777
39380,24218
106511,131145
59892,94362
102887,44462
23804,32506
131336,127715
24422,69825
7347,42699
36892,8408
86330,128074
60437,13740
36860,5313
83825,113088
112591,59097
103679,128384
128126,26006
69894,124827
56617,53867
125500,71866
16330,90985
70428,22647
55240,17422
114771,71586
16308,11094
98916,97285
85753,12217
124435,12009
126074,16432
69444,93663
17867,19805
23196,63018
129778,110321
99657,129541
23359,104047
12474,76613
108191,115788
53057,109031
134764,25541
72116,45430
85105,37837
123592,80350
60522,60229
135060,103557
87811,29606
53794,38723
66677,82913
28534,101843
40351,107835
68839,113008
17464,95464
78695,126042
118333,88736
1901,50787
54993,24702
68163,125553
94682,39541
52141,47010
96477,90119
88586,113581
18345,7803
28531,129360
115427,5017
86922,9109
34056,119272
56019,4966
56050,79699
88792,64910
83306,129727
55508,32680
31303,39285
92695,113890
136571,57565
63175,68323
59636,109236
30156,98821
119005,134847
4901,12545
84239,125402
18977,90483
8088,83971
79565,82725
58794,65219
76980,93086
134849,42301
3597,27634
72890,41103
15380,24818
59036,136032
22808,29682
102465,65434
127747,63232
11673,87108
2268,94454
69335,15348
48537,19252
15400,46299
51215,29989
51948,71213
51880,68671
7487,32876
16327,15995
102697,121317
130426,94639
8940,127575
32104,95890
107526,134676
43617,28700
60923,134275
49865,59797
73539,133036
49261,41459
60320,130022
102686,65856
106873,29348
103214,132758
44357,126871
94905,88696
45522,118079
122090,20209
11000,53484
81804,120009
71058,10901
96460,117194
12619,65812
7856,50069
66277,14721
3015,39503
116130,101911
113137,114353
48102,94423
85135,73825
34139,114844
33591,136841
90088,11322
22704,119160
24409,9521
51113,26510
1874,71991
86795,72010
21241,99152
39705,39248
23103,59023
5984,59330
80485,134767
113883,107870
74701,91432
60466,49036
95115,110049
63755,77664
112396,45425
118015,109252
102717,107465
123648,113291
42939,64555
79511,87191
75543,43258
69805,132485
100753,109643
116512,87722
8326,44720
34962,121899
67246,25218
128584,84203
95388,28816
21917,108932
59233,39905
25961,46732
70642,124248
72463,89882
110609,17112
127996,39428
45834,102615
130463,5538
137167,121964
75683,20114
108167,114354
59705,46710
91683,52506
46666,123217
126712,55647
37553,74334
33561,49274
59755,77418
70887,65890
135875,8655
97129,54905
59747,82121
29122,25025
69534,30466
67180,63838
73562,76447
11687,37518
59243,7307
128903,131022
29742,9165
33047,84050
16922,91845
34885,69638
5005,36957
29340,109879
27999,88587
91079,31390
68211,94237
136395,68358
94107,6831
21980,113863
79848,53277
26528,129539
136711,83426
89912,3401
69916,81780
15871,61338
85768,11382
132455,29741
22738,28796
26881,32014
92223,109872
70595,885
53381,134362
24193,51698
65838,125390
125223,101555
46463,117082
133135,24845
81064,118328
127097,32503
78946,106173
94794,30622
89700,75956
64453,132337
14051,69072
133808,77488
58205,98991
91538,101958
132439,84083
129354,95391
20710,23684
297,88316
28016,21246
17834,23423
131565,45008
81700,2880
83433,58991
68985,102677
124799,24813
71922,27611
85803,26626
105741,7365
31347,102408
19297,108846
121985,30098
123500,92142
39731,104640
99020,96782
134675,24375
9327,39013
125398,132067
34220,84682
46586,43754
23164,78903
96354,135678
100978,49046
87482,29478
61681,23708
67383,126040
33128,121890
15148,90970
9039,113289
23613,87800
65164,114551
93476,29162
13359,94500
89270,33884
53964,135906
92627,74907
119460,81927
15425,94674
22764,130630
68161,90053
116444,100171
23183,83752
15762,96188
49353,101316
47958,25613
113757,94634
59190,72251
71493,45594
44734,19559
20881,71077
83969,82444
126313,7491
34902,91514
89627,8743
60815,40484
23807,58350
14645,38610
96572,88082
70955,48680
44457,118855
130155,74544
105851,48566
16013,132679
27054,13273
224,51230
104093,105434
98968,27161
5455,73799
99275,42456
68954,46117
13732,17353
43004,78345
104357,16932
80547,94468
64347,70429
116710,21977
104923,52423
128612,67464
120957,120998
32419,47261
129622,71480
56856,53069
137099,25755
91841,96826
105479,128090
843,55225
102851,136400
125589,136635
105810,114770
1794,43606
53642,26833
137098,66340
118474,68733
106962,55428
115053,36039
31983,127804
14002,87692
114274,98998
34485,119402
50121,88509
894,35754
52965,35244
10234,75318
87683,5932
113964,30474
97521,12419
129540,71506
89986,47715
47348,8774
112444,5449
128494,93008
130054,118416
93803,93074
117378,106909
133750,25977
128692,50584
67721,57541
135665,14527
2724,88339
134066,17229
112701,83158
20570,129565
136795,105871
132682,247
92763,131518
70588,134161
77882,102080
56649,5177
110582,58781
17167,106444
12624,116805
67122,98230
89934,23129
104835,26880
128157,106996
63598,10743
31388,130620
81687,69549
56250,48329
72480,74532
134495,110052
72749,52114
15890,130699
82180,24546
94200,108302
131954,127480
35178,44271
12332,15179
5114,50466
72604,121992
10881,95188
20768,12542
126418,8711
15687,62235
19313,80271
66375,31875
68767,20129
136997,27576
106003,82259
35541,1377
122483,2282
90785,18705
128158,59522
95106,65959
19555,11609
67735,98276
19512,25529
123696,82114
6582,2033
119220,105340
65423,83540
75075,130218
92461,76556
111975,103060
110949,36584
94203,57327
97255,69602
120901,128759
54435,18300
