rank,root_id,cis,total_degree,in_degree,out_degree,nt_type,nt_sign,super_class,side,primary_type,name,emp_p_degree_matched,peer_pool_n,peer_median_cis,cis_excess_ratio,gaba_vs_matched_ctrl,class_label
1,720575940628908548,0.024004542864469403,12444.0,5997.0,6447.0,GABA,inhibitory,optic,right,CT1,LO.5422,0.0,1,0.010214687198782046,2.350002735994852,,A_strong_chokepoint|D_visual_system
2,720575940626979621,0.010214687198782046,12784.0,6261.0,6523.0,GABA,inhibitory,optic,left,CT1,LO.1,1.0,1,0.024004542864469403,0.4255314194673306,,B_degree_driven_hub|D_visual_system
3,720575940631180599,0.003244055078700292,858.0,201.0,657.0,OCT,modulatory,visual_centrifugal,left,OA-AL2i1,ME.131,0.0,83,2.0809478937455772e-05,155.89314314166674,,A_strong_chokepoint|D_visual_system
4,720575940626044942,0.00028989541378365846,2063.0,240.0,1823.0,ACH,excitatory,visual_centrifugal,right,OA-AL2b2,IPS.ME.3,0.291,18,0.00019273764388055836,1.5040933776450534,,B_degree_driven_hub|D_visual_system
5,720575940629513222,0.00040834696731395503,4021.0,2197.0,1824.0,GABA,inhibitory,optic,left,Am1,LOP.4,0.0,2,0.00013801121391271431,2.95879556259983,,A_strong_chokepoint|D_visual_system
6,720575940626403917,0.0003808197136446756,1909.0,1014.0,895.0,ACH,excitatory,optic,left,MeMe_e13,ME.LO.2,0.0685,14,0.00019105820019765796,1.993213132180148,,B_degree_driven_hub|D_visual_system
7,720575940636543668,0.0033097313078953583,1891.0,1079.0,812.0,ACH,excitatory,optic,right,MeMe_e13,ME.LO.1,0.0,16,0.00012398460442386572,26.694695871919645,,A_strong_chokepoint|D_visual_system
8,720575940647075619,0.0016408763654296443,958.0,456.0,502.0,GABA,inhibitory,central,left,CB0109,GNG.1,0.024,51,2.4361046663812225e-05,67.35656263353941,0.0016337315693579326,B_intermediate|C_gaba_exploratory
9,720575940620008758,0.0001200763176515407,4429.0,1986.0,2443.0,GABA,inhibitory,optic,right,LPi13,LOP.1,0.7485,4,0.00030081049582880715,0.3991759573438447,,B_degree_driven_hub|D_visual_system
10,720575940625952755,0.00034469995741126525,4687.0,2183.0,2504.0,GABA,inhibitory,optic,right,Li33,LO.3,0.326,3,0.0001200763176515407,2.8706739526405056,,B_degree_driven_hub|D_visual_system
11,720575940625871408,0.0011416155134092998,872.0,443.0,429.0,GABA,inhibitory,central,right,CB0109,GNG.5,0.0225,77,2.114276388520686e-05,53.99556650245069,0.0011331584078550063,B_intermediate|C_gaba_exploratory
12,720575940613583001,0.0004983859790319567,5678.0,2883.0,2795.0,GABA,inhibitory,central,right,APL,MB_ML.MB_CA.1,1.0,1,0.0011140049385031103,0.44738219895294046,,B_degree_driven_hub
13,720575940628038808,0.00024451658509017093,1751.0,217.0,1534.0,ACH,excitatory,visual_centrifugal,left,cM15,IPS.ME.5,0.353,14,0.000172563489375388,1.416965929323896,,B_degree_driven_hub|D_visual_system
14,720575940632777320,0.00024363129694715546,2275.0,266.0,2009.0,ACH,excitatory,visual_centrifugal,right,OA-AL2b2,IPS.ME.1,0.2425,18,0.00019340942135381844,1.2596661281637482,,B_degree_driven_hub|D_visual_system
15,720575940627497244,0.0017371957153853312,4516.0,2138.0,2378.0,GABA,inhibitory,optic,left,Li33,LO.4,0.0,4,0.00018849867594894487,9.21595712351769,,A_strong_chokepoint|D_visual_system
16,720575940612976497,0.00019371146083779767,2034.0,210.0,1824.0,ACH,excitatory,visual_centrifugal,left,cM05,GNG.ME.1,0.472,17,0.00019176382692331906,1.0101564197259028,,B_degree_driven_hub|D_visual_system
17,720575940620781515,0.0005296731035201452,721.0,313.0,408.0,GLUT,glut,visual_projection,right,MeMe_e07,ME.55,0.0,127,1.837233275547856e-05,28.829931972694034,,A_strong_chokepoint
18,720575940631999685,0.00011837864744801418,1425.0,1248.0,177.0,ACH,excitatory,visual_projection,left,H2,LOP.IPS.2,0.2155,29,3.4557483040043024e-05,3.425557564792682,,B_degree_driven_hub
19,720575940625525740,0.0004045975116495626,2201.0,235.0,1966.0,ACH,excitatory,visual_centrifugal,left,OA-AL2b2,IPS.ME.2,0.0,25,0.00014609337390036892,2.7694446424756087,,A_strong_chokepoint|D_visual_system
20,720575940627996285,0.0003034976057215699,1942.0,229.0,1713.0,ACH,excitatory,visual_centrifugal,left,OA-AL2b2,IPS.ME.4,0.244,12,0.00019012083628150434,1.5963405782214903,,B_degree_driven_hub|D_visual_system
21,720575940631190016,0.00015148842399514972,1692.0,246.0,1446.0,ACH,excitatory,visual_centrifugal,right,cM15,IPS.ME.6,0.4575,13,3.65988533461703e-05,4.139157655085428,,B_degree_driven_hub|D_visual_system
22,720575940623133097,0.00019505501578431783,2281.0,1561.0,720.0,GABA,inhibitory,optic,left,Pm12,ME.8,0.527,19,0.00019965851412784286,0.9769431403231952,,B_degree_driven_hub|D_visual_system
23,720575940650929273,0.00035524009388987476,879.0,242.0,637.0,DA,modulatory,descending,left,DNp32,SCL.WED.1,0.04,75,2.114276388520686e-05,16.80197044334533,,B_intermediate
24,720575940622696944,0.00012904376578204424,778.0,466.0,312.0,ACH,excitatory,visual_projection,right,MeLp1,ME.LOP.5,0.0905,106,2.0793856205458816e-05,6.205860255404074,,B_degree_driven_hub
25,720575940631945815,0.0001884778456396896,2021.0,206.0,1815.0,ACH,excitatory,visual_centrifugal,right,cM05,GNG.ME.2,0.641,16,0.00019668498748282026,0.9582726574703749,,B_degree_driven_hub|D_visual_system
26,720575940623444044,0.0018726326502470636,2499.0,1180.0,1319.0,GABA,inhibitory,optic,left,Sm42,ME.2,0.0,18,0.00022257185429885862,8.413609421308877,,A_strong_chokepoint|D_visual_system
27,720575940622516852,0.00037020493522443854,1180.0,259.0,921.0,OCT,modulatory,visual_centrifugal,right,OA-AL2i1,ME.35,0.0375,51,5.169041239527772e-05,7.161965209205012,,B_intermediate|D_visual_system
28,720575940624547622,0.0011140049385031103,5654.0,2875.0,2779.0,GABA,inhibitory,central,left,APL,MB_ML.1,0.0,1,0.0004983859790319567,2.2352252779400117,,A_strong_chokepoint
29,720575940621393172,0.0002843163626237155,1702.0,1045.0,657.0,GABA,inhibitory,optic,left,Pm14,ME.39073,0.1735,12,9.404363867066001e-05,3.0232386437044285,,B_degree_driven_hub|D_visual_system
30,720575940613065130,0.00036438459964915904,2615.0,668.0,1947.0,GABA,inhibitory,visual_centrifugal,right,cL21,PVLP.LO.2,0.4725,13,0.00033952362556355364,1.0732231050029,,B_degree_driven_hub|D_visual_system
31,720575940635089945,0.00028208925539352503,1216.0,345.0,871.0,GLUT,glut,visual_centrifugal,left,cML01,AVLP.ME.2,0.079,54,4.768057786536106e-05,5.916229794657269,,B_degree_driven_hub|D_visual_system
32,720575940628082053,0.00017949477477718911,1273.0,187.0,1086.0,GABA,inhibitory,visual_centrifugal,right,LT42,LO.21,0.1825,47,4.738895353595396e-05,3.787692307681084,0.00016637167995183747,B_degree_driven_hub|D_visual_system+C_gaba_exploratory
33,720575940613686698,0.00014609337390036892,2344.0,1391.0,953.0,GABA,inhibitory,optic,left,Sm41,ME.5,0.661,21,0.00020151241165056177,0.7249844945218868,,B_degree_driven_hub|D_visual_system
34,720575940625049781,0.0010640642720846083,2673.0,681.0,1992.0,GABA,inhibitory,visual_centrifugal,left,cL21,PVLP.LO.1,0.15,13,0.00033952362556355364,3.1339918402392053,,B_degree_driven_hub|D_visual_system
35,720575940614710509,0.00024197528736202845,1389.0,390.0,999.0,GLUT,glut,visual_centrifugal,right,cML01,AVLP.ME.1,0.03,33,4.738895353595396e-05,5.106153846137201,,B_intermediate|D_visual_system
36,720575940611563310,0.0012878546994744555,2691.0,1317.0,1374.0,GABA,inhibitory,optic,right,Sm42,ME.39072,0.074,13,0.00033952362556355364,3.793122488418376,,B_degree_driven_hub|D_visual_system
37,720575940623888397,0.0005871178888448014,2507.0,1561.0,946.0,GABA,inhibitory,optic,right,Pm14,ME.3,0.182,17,0.00020151241165056177,2.9135569567938555,,B_degree_driven_hub|D_visual_system
38,720575940618444473,0.00033952362556355364,2539.0,666.0,1873.0,GABA,inhibitory,visual_centrifugal,left,cL21,PVLP.LO.4,0.504,12,0.00031250931825937966,1.0864432057726752,,B_degree_driven_hub|D_visual_system
39,720575940626039996,0.00034959508008403084,1773.0,1087.0,686.0,GABA,inhibitory,optic,left,Pm14,ME.11,0.1615,13,0.0001936385547556263,1.8054001721156365,0.00010507849499390002,B_degree_driven_hub|D_visual_system+C_gaba_exploratory
40,720575940628346634,0.00030364341788635674,954.0,284.0,670.0,ACH,excitatory,visual_centrifugal,right,cM14,SPS.ME.1,0.0785,50,2.6397209392625687e-05,11.502860524763744,,B_degree_driven_hub|D_visual_system
41,720575940631758393,0.0014555282737541697,1593.0,766.0,827.0,DA,modulatory,central,right,PPL103,SMP.MB_ML.1,0.0,16,4.959175873869848e-05,29.35020476735707,,A_strong_chokepoint
42,720575940609137500,0.0003917972866174235,1309.0,179.0,1130.0,GABA,inhibitory,visual_centrifugal,left,LT42,LO.20,0.025,42,4.731604745356055e-05,8.280431432950147,,B_intermediate|D_visual_system
43,720575940608181122,0.00011871193239598732,1250.0,427.0,823.0,GABA,inhibitory,optic,left,Dm17,ME.17,0.2425,48,4.731604745356055e-05,2.508914813996244,9.67672016046987e-05,B_degree_driven_hub|D_visual_system+C_gaba_exploratory
44,720575940633305681,0.0002545047183737381,2714.0,1700.0,1014.0,ACH,excitatory,optic,left,Li30,LO.8,0.6515,14,0.00035195411260635634,0.7231190352885274,,B_degree_driven_hub|D_visual_system
45,720575940632795532,0.0002606340368696003,2320.0,976.0,1344.0,GABA,inhibitory,central,left,lLN2F_b,AL.1,0.2685,22,0.00019735676495608034,1.320623779618609,,B_degree_driven_hub
46,720575940632689199,0.0019127691844468275,1047.0,346.0,701.0,GABA,inhibitory,visual_centrifugal,right,LT36,PLP.LO.1,0.0,61,2.4361046663812225e-05,78.51752885840502,0.0019043849849749996,A_strong_chokepoint|D_visual_system+C_gaba_exploratory
47,720575940628069501,0.0004019416472205162,3243.0,1709.0,1534.0,GABA,inhibitory,optic,left,Li32,LO.5423,0.0,5,8.807054749437881e-05,4.563859981069954,,A_strong_chokepoint|D_visual_system
48,720575940639172585,0.00020763652256916565,768.0,184.0,584.0,ACH,excitatory,visual_centrifugal,left,cMLLP01,GNG.LO.1,0.0445,111,1.983045440268061e-05,10.470588235290165,,B_intermediate|D_visual_system
49,720575940624181700,0.0001178891351806266,784.0,419.0,365.0,GABA,inhibitory,optic,left,Li21,LO.32,0.1335,111,1.983045440268061e-05,5.944852941175709,-8.97473873885e-05,B_degree_driven_hub|D_visual_system
50,720575940611719378,0.0007579680852846105,499.0,137.0,362.0,OCT,modulatory,visual_centrifugal,right,OA-AL2i4,ME.398,0.0025,319,1.1154630601417637e-05,67.95098039268828,,A_strong_chokepoint|D_visual_system
