null_id,seed,n,m_edges,runtime_s,status,out_degree_exact_match,in_degree_exact_match,n_edges_null,median_gaba,median_ctrl,median_diff,cliffs_delta,n_g,n_c
0,100,138584,3732460,473.4,ok,True,True,3732460,1.50154044399331e-05,1.417538181414102e-05,8.400226257920806e-07,0.0733941126735493,848,848
1,101,138584,3732460,966.1,ok,True,True,3732460,1.4946083719435954e-05,1.3203254169202872e-05,1.7428295502330826e-06,0.0931603773584905,848,848
2,102,138584,3732460,1256.6,ok,True,True,3732460,1.043459999128249e-05,9.7755726233828e-06,6.590273678996894e-07,0.0835080878426486,848,848
3,103,138584,3732460,1257.2,ok,True,True,3732460,1.4900973980713772e-05,1.3304441054184936e-05,1.5965329265288377e-06,0.076573068707725,848,848
4,104,138584,3732460,1615.1,ok,True,True,3732460,1.4228036683938685e-05,1.0671027513009523e-05,3.55700917092916e-06,0.0848472543609826,848,848
5,105,138584,3732460,1762.9,ok,True,True,3732460,1.4334187241393792e-05,1.3148652958316909e-05,1.1855342830768834e-06,0.05250422748309,848,848
6,106,138584,3732460,1758.6,ok,True,True,3732460,1.3772639318010428e-05,1.0139699025413227e-05,3.6329402925971976e-06,0.0619159398362405,848,848
7,107,138584,3732460,1685.4,ok,True,True,3732460,1.4740562712001193e-05,1.3161216707135992e-05,1.5793460048652008e-06,0.083850180224279,848,848
8,108,138584,3732460,1634.2,ok,True,True,3732460,1.4468864590444497e-05,1.2918629098579436e-05,1.5502354918650596e-06,0.073563768244927,848,848
9,109,138584,3732460,1637.0,ok,True,True,3732460,1.477571378649678e-05,1.3139831188668794e-05,1.6358825978279867e-06,0.0688078497686008,848,848
10,110,138584,3732460,1362.3,ok,True,True,3732460,1.448303443407628e-05,1.1794895467209798e-05,2.6881389668664823e-06,0.0852282840868636,848,848
11,111,138584,3732460,1256.7,ok,True,True,3732460,1.0771560266853442e-05,1.088147414712859e-05,-1.099138802751476e-07,0.070557249021004,848,848
12,112,138584,3732460,1254.5,ok,True,True,3732460,1.4448104237785309e-05,1.2900093069423413e-05,1.5480111683618958e-06,0.0937430469028124,848,848
13,113,138584,3732460,1093.0,ok,True,True,3732460,1.0074537025284158e-05,9.800772432289053e-06,2.737645929951072e-07,0.041813145247419,848,848
14,114,138584,3732460,1089.3,ok,True,True,3732460,1.52398460985248e-05,1.3534688493133109e-05,1.705157605391694e-06,0.0707018734425062,848,848
15,115,138584,3732460,1082.5,ok,True,True,3732460,1.472242630801146e-05,1.2495048158034372e-05,2.2273781499770884e-06,0.079291729708081,848,848
16,116,138584,3732460,781.2,ok,True,True,3732460,1.5661046079806784e-05,1.4377353778072257e-05,1.2836923017345292e-06,0.0809702073691704,848,848
17,117,138584,3732460,1050.9,ok,True,True,3732460,1.5091943507683505e-05,1.23969535956725e-05,2.6949899120110032e-06,0.091563946244215,848,848
18,118,138584,3732460,1048.9,ok,True,True,3732460,1.0091089633568195e-05,9.76203236302542e-06,3.290572705427764e-07,0.0634998553755785,848,848
19,119,138584,3732460,1343.7,ok,True,True,3732460,1.0187131274097538e-05,1.0187131274097538e-05,0.0,0.0440450894446422,848,848
20,120,138584,3732460,1378.8,ok,True,True,3732460,1.452038120153265e-05,1.1440300340559428e-05,3.080080860973222e-06,0.0600594628871484,848,848
21,121,138584,3732460,1383.1,ok,True,True,3732460,1.038881620973875e-05,1.1044951970462512e-05,-6.561357607237639e-07,0.0537085039159843,848,848
22,122,138584,3732460,1382.2,ok,True,True,3732460,1.3097501670666922e-05,1.083168914539634e-05,2.265812525270583e-06,0.0754925574047704,848,848
23,123,138584,3732460,1387.0,ok,True,True,3732460,1.5119252331441402e-05,1.2959359141140324e-05,2.1598931903010765e-06,0.083501134745461,848,848
24,124,138584,3732460,1386.8,ok,True,True,3732460,1.0558592240084153e-05,9.89173378296293e-06,6.668584571212222e-07,0.0779928911534353,848,848
25,125,138584,3732460,1218.9,ok,True,True,3732460,9.830122233878136e-06,9.830122233767112e-06,1.1102230246251563e-16,0.0595936053755785,848,848
26,126,138584,3732460,1116.2,ok,True,True,3732460,1.478153038853014e-05,1.346761657616824e-05,1.3139138123619e-06,0.0447153680135279,848,848
27,127,138584,3732460,1116.0,ok,True,True,3732460,1.4793876681240548e-05,1.106801144312719e-05,3.725865238113357e-06,0.0755273228907085,848,848
28,128,138584,3732460,933.1,ok,True,True,3732460,1.4476014794762015e-05,1.3545413843574217e-05,9.306009511877988e-07,0.0667928422036312,848,848
29,129,138584,3732460,909.7,ok,True,True,3732460,1.2845688818208243e-05,1.0430260151572668e-05,2.4154286666355773e-06,0.0854048927554289,848,848
30,130,138584,3732460,915.7,ok,True,True,3732460,1.5150305797240192e-05,1.1903811698021904e-05,3.246494099218289e-06,0.0491653502135991,848,848
31,131,138584,3732460,872.9,ok,True,True,3732460,1.530509794445134e-05,1.3774588150106126e-05,1.530509794345214e-06,0.1065993236027056,848,848
32,132,138584,3732460,877.9,ok,True,True,3732460,1.5070466352185008e-05,1.2963842023538952e-05,2.106624328646056e-06,0.0609369437522249,848,848
33,133,138584,3732460,878.2,ok,True,True,3732460,1.4816627079694555e-05,1.3652463523361469e-05,1.1641635563330863e-06,0.0385563145247418,848,848
34,134,138584,3732460,852.3,ok,True,True,3732460,1.4524299912499483e-05,1.2248103657519492e-05,2.2761962549799897e-06,0.0446235871306515,848,848
35,135,138584,3732460,835.1,ok,True,True,3732460,1.4995835060038765e-05,1.33891384465068e-05,1.606696613531966e-06,0.080153913759345,848,848
36,136,138584,3732460,833.4,ok,True,True,3732460,1.5110289618314177e-05,1.2196162334776606e-05,2.914127283537571e-06,0.0692222543609826,848,848
37,137,138584,3732460,833.7,ok,True,True,3732460,1.2926961585446596e-05,1.16829443617128e-05,1.2440172237337954e-06,0.0584880629227482,848,848
38,138,138584,3732460,834.3,ok,True,True,3732460,1.4335930826003818e-05,1.0914856424348862e-05,3.4210744016549555e-06,0.0952129316482734,848,848
39,139,138584,3732460,841.9,ok,True,True,3732460,1.6071169567255517e-05,1.4062273371417966e-05,2.0088961958375502e-06,0.0919268979174083,848,848
40,140,138584,3732460,809.4,ok,True,True,3732460,1.5017465235689365e-05,1.287211305900371e-05,2.145352176685656e-06,0.0689190993236026,848,848
41,141,138584,3732460,29615.4,ok,True,True,3732460,1.4577341872157312e-05,1.332785542584869e-05,1.249486446308623e-06,0.0864492479530081,848,848
42,142,138584,3732460,29628.4,ok,True,True,3732460,1.4761772408111716e-05,1.2652947778191148e-05,2.1088246299205693e-06,0.0516587308650764,848,848
43,143,138584,3732460,30091.0,ok,True,True,3732460,1.5088098483495573e-05,1.1316073862510656e-05,3.772024620984915e-06,0.0780735470808116,848,848
44,144,138584,3732460,1432.9,ok,True,True,3732460,1.4741573374332796e-05,1.2109149557515408e-05,2.6324238168173864e-06,0.1084071288714845,848,848
45,145,138584,3732460,1439.3,ok,True,True,3732460,1.0181532293929152e-05,9.96019463550546e-06,2.2133765842369257e-07,0.0563687588999644,848,848
46,146,138584,3732460,1364.7,ok,True,True,3732460,1.015687065941684e-05,9.825668355278872e-06,3.312023041379675e-07,0.0894335172659308,848,848
47,147,138584,3732460,1349.1,ok,True,True,3732460,1.5009528216869406e-05,1.3347759021453688e-05,1.6617691954157188e-06,0.0405894001423994,848,848
48,148,138584,3732460,1352.4,ok,True,True,3732460,1.4859162733138476e-05,1.3320178021469786e-05,1.5389847116686894e-06,0.0927348478106087,848,848
49,149,138584,3732460,1536.8,ok,True,True,3732460,1.3559556806819195e-05,1.1994992559882787e-05,1.5645642469364065e-06,0.0628559985760057,848,848
50,150,138584,3732460,1595.7,ok,True,True,3732460,1.5494459922993364e-05,1.329592169058147e-05,2.198538232411895e-06,0.1128348611605554,848,848
51,151,138584,3732460,1585.0,ok,True,True,3732460,1.5012415420789791e-05,1.3189479262654125e-05,1.8229361581356684e-06,0.0393628737985047,848,848
52,152,138584,3732460,1219.6,ok,True,True,3732460,1.547363556425596e-05,1.4490361063490552e-05,9.832745007654076e-07,0.0709494037023852,848,848
53,153,138584,3732460,1062.2,ok,True,True,3732460,1.0190265396003984e-05,9.80468778655208e-06,3.855776094519037e-07,0.0791916051085794,848,848
54,154,138584,3732460,1057.5,ok,True,True,3732460,1.5254466289804648e-05,1.403410898659363e-05,1.220357303211017e-06,0.1080121929512281,848,848
55,155,138584,3732460,1040.6,ok,True,True,3732460,1.422273238138594e-05,1.296778540649246e-05,1.2549469748934785e-06,0.0705697645959415,848,848
56,156,138584,3732460,1044.9,ok,True,True,3732460,1.4564499614788671e-05,1.3264097863452395e-05,1.3004017513362776e-06,0.0928586129405482,848,848
57,157,138584,3732460,1050.5,ok,True,True,3732460,1.5320110179350976e-05,1.3693660126101737e-05,1.62645005324924e-06,0.1053616723033108,848,848
58,158,138584,3732460,1269.8,ok,True,True,3732460,1.010301339943176e-05,1.0432459488507462e-05,-3.294460890757023e-07,0.0099846475614098,848,848
59,159,138584,3732460,1313.6,ok,True,True,3732460,1.427308168167052e-05,1.2975528801417724e-05,1.297552880252795e-06,0.0382392532929867,848,848
60,160,138584,3732460,1319.3,ok,True,True,3732460,1.4949268057229403e-05,1.28136583348315e-05,2.135609722397902e-06,0.0653479886080454,848,848
61,161,138584,3732460,1255.9,ok,True,True,3732460,1.4946791025427508e-05,1.2811535164858334e-05,2.135255860569174e-06,0.0816182360270558,848,848
62,162,138584,3732460,1263.8,ok,True,True,3732460,1.4991105455774978e-05,1.2314122338707987e-05,2.676983117066989e-06,0.0607964911890352,848,848
63,163,138584,3732460,1270.4,ok,True,True,3732460,1.5072654501180338e-05,1.2919418143853e-05,2.153236357327337e-06,0.0744899207903169,848,848
64,164,138584,3732460,1193.5,ok,True,True,3732460,1.4305595928298942e-05,1.2822052646854765e-05,1.4835432814441774e-06,0.068472710484158,848,848
65,165,138584,3732460,1160.2,ok,True,True,3732460,1.549844621584473e-05,1.3200400742374718e-05,2.298045473470012e-06,0.1132659531861872,848,848
66,166,138584,3732460,1149.2,ok,True,True,3732460,1.48772963105559e-05,1.264570186410019e-05,2.231594446455709e-06,0.0924372552509789,848,848
67,167,138584,3732460,4524.8,ok,True,True,3732460,1.5105486125654988e-05,1.4534488368189711e-05,5.709977574652747e-07,0.0932048771804912,848,848
68,168,138584,3732460,4491.4,ok,True,True,3732460,1.436878420790766e-05,1.1320860285102263e-05,3.047923922805396e-06,0.0851128626735493,848,848
69,169,138584,3732460,4486.1,ok,True,True,3732460,1.50132100162903e-05,1.286846572823297e-05,2.144744288057332e-06,0.0636027612139551,848,848
70,170,138584,3732460,1248.9,ok,True,True,3732460,1.4863097074546694e-05,1.3589117325296662e-05,1.2739797492500315e-06,0.0645956634923461,848,848
71,171,138584,3732460,1371.5,ok,True,True,3732460,1.4434381948036368e-05,1.312216540727551e-05,1.3122165407608577e-06,0.0585395158419366,848,848
72,172,138584,3732460,1384.4,ok,True,True,3732460,1.491636606665292e-05,1.4916366066430877e-05,2.220446049250313e-16,0.0575438323246706,848,848
73,173,138584,3732460,1592.6,ok,True,True,3732460,1.4448730294880365e-05,1.4448730294880365e-05,0.0,0.0262535043609826,848,848
74,174,138584,3732460,1558.0,ok,True,True,3732460,1.002974077934926e-05,9.8093069160754e-06,2.2043386327386122e-07,0.0599941037735849,848,848
75,175,138584,3732460,1558.6,ok,True,True,3732460,1.2383121980263924e-05,1.3352235874453113e-05,-9.691138941891886e-07,0.0130134166963331,848,848
76,176,138584,3732460,1167.3,ok,True,True,3732460,1.1019202392603678e-05,1.0137666201393005e-05,8.815361912106745e-07,0.0667552954788179,848,848
77,177,138584,3732460,1085.9,ok,True,True,3732460,1.5234664977992196e-05,1.3902963494072385e-05,1.3317014839198116e-06,0.0587355931826272,848,848
78,178,138584,3732460,1076.0,ok,True,True,3732460,1.0460066393158662e-05,9.972291276305612e-06,4.877751168530509e-07,0.0555761058205768,848,848
79,179,138584,3732460,1044.6,ok,True,True,3732460,1.2709040227543156e-05,1.1659162991450868e-05,1.0498772360922892e-06,0.0338893956924173,848,848
80,180,138584,3732460,1043.9,ok,True,True,3732460,1.3925350488830368e-05,1.2145418471498635e-05,1.7799320173317312e-06,0.0878009300462798,848,848
81,181,138584,3732460,1047.1,ok,True,True,3732460,1.4935000364091344e-05,1.2801428883491006e-05,2.133571480600338e-06,0.0998103195087218,848,848
82,182,138584,3732460,1008.1,ok,True,True,3732460,1.3934739541476835e-05,1.1683743153911852e-05,2.250996387564985e-06,0.0915222276610894,848,848
83,183,138584,3732460,996.0,ok,True,True,3732460,1.475744349643815e-05,1.264923728261369e-05,2.1082062138244595e-06,0.061903424261303,848,848
84,184,138584,3732460,991.5,ok,True,True,3732460,1.4826852022142845e-05,1.2179199875395064e-05,2.647652146747781e-06,0.1006725035599858,848,848
85,185,138584,3732460,1035.9,ok,True,True,3732460,1.3251823925086724e-05,1.3142304719049314e-05,1.0951920603741173e-07,0.0078055469028124,848,848
86,186,138584,3732460,1053.0,ok,True,True,3732460,1.5625345196612628e-05,1.4127024424381853e-05,1.4983207722307768e-06,0.0788161378604486,848,848
87,187,138584,3732460,1054.7,ok,True,True,3732460,1.5209646951175326e-05,1.4634711842931304e-05,5.749351082440235e-07,0.0723622730509077,848,848
88,188,138584,3732460,1052.9,ok,True,True,3732460,1.4897146150771867e-05,1.2768982415090058e-05,2.128163735681809e-06,0.0751337775898897,848,848
89,189,138584,3732460,1057.1,ok,True,True,3732460,1.5828121982974785e-05,1.4389201802744722e-05,1.4389201802300633e-06,0.0619326272694908,848,848
90,190,138584,3732460,1059.2,ok,True,True,3732460,1.4645888056996624e-05,1.3076685765112115e-05,1.5692022918845083e-06,0.0751212620149519,848,848
91,191,138584,3732460,1033.9,ok,True,True,3732460,1.029784563572056e-05,9.802227396549236e-06,4.956182391713249e-07,0.0616405971876112,848,848
92,192,138584,3732460,1022.8,ok,True,True,3732460,1.452465782225687e-05,1.379842493121064e-05,7.262328910462301e-07,0.0393350614097542,848,848
93,193,138584,3732460,1024.1,ok,True,True,3732460,1.458427219613867e-05,1.2709151484990857e-05,1.8751207111478152e-06,0.0769582702919189,848,848
94,194,138584,3732460,1039.4,ok,True,True,3732460,1.467727554127496e-05,1.310471030468996e-05,1.5725652365849996e-06,0.0872711040405838,848,848
95,195,138584,3732460,1031.2,ok,True,True,3732460,1.5212706760192596e-05,1.2868282773248474e-05,2.344423986944122e-06,0.1211146092915629,848,848
96,196,138584,3732460,1029.1,ok,True,True,3732460,1.4505124537045331e-05,1.2265362659968916e-05,2.2397618770764183e-06,0.070938278746885,848,848
97,197,138584,3732460,995.2,ok,True,True,3732460,1.0758557334566989e-05,1.0648776137267555e-05,1.0978119729943005e-07,0.0818685475258098,848,848
98,198,138584,3732460,18184.1,ok,True,True,3732460,1.1201294217388911e-05,1.1418795075934796e-05,-2.1750085854588266e-07,0.074850091224635,848,848
99,199,138584,3732460,18196.6,ok,True,True,3732460,1.4804539367752056e-05,1.2319491688284057e-05,2.485047679468e-06,0.098229185208259,848,848
