paper_id,title,year,journal_or_venue,dataset,question,method,main_result,uses_neurotransmitter_sign,uses_perturbation_or_node_removal,uses_null_model,degree_matched_control,similarity_to_our_h1,verification_status,verification_source,notes
lin_2024_network_statistics,Network statistics of the whole-brain connectome of Drosophila,2024,Nature 634:153-165,"FAFB v630 (127,978 neurons; 2,613,129 connections at >=5-synapse threshold)",Whole-brain network organization,Rich-club vs CFG/NND/NPC nulls; 2- and 3-node motif enumeration with NT composition; neuropil subnetworks; degree-ordered neuron-removal survival curves (SCC persistence); spectral attractor/repeller walks,"Rich-club ~30% of neurons; giant SCC 93.3% / WCC 98.8%; reciprocity 0.138; ach-GABA and ach-glut reciprocal pairs over-represented; neurons with high reciprocal degree (drec>100) mostly GABAergic; high-total-degree neurons mostly GABAergic; FFLs with 1 inhibitory edge = feedforward inhibition, 2 = disinhibition (descriptive)",Yes - motif/reciprocity composition by NT sign,Yes - degree-ORDERED survival curves only (SCC splitting; NOT per-neuron impact ranking; NOT NT-conditioned),"Yes - CFG, ER, NND, NPC models",No,High-CLOSEST,VERIFIED - full text,PMC11446825 (open-access mirror of 10.1038/s41586-024-07968-y),"CRITICAL: used v630, NOT v783. Did degree-ordered removal (Fig 1f,g + ED Fig 2a-d) but no per-neuron control-impact ranking and no NT-conditioned perturbation. Their ED Fig 3d finding (high-degree neurons mostly GABAergic) means our baseline GABA-strength signal is a REPLICATION of theirs, not a novel finding."
shiu_2024_computational,A Drosophila computational brain model reveals sensorimotor processing,2024,Nature,FAFB (LIF model),Can a leaky integrate-and-fire simulation of the whole brain produce behavior?,LIF simulation of whole connectome; set-based neural activity manipulation addressed via FlyWire IDs,Simulation reproduces sensorimotor behaviors; framework for targeted manipulations,Yes - implicit in model dynamics,Yes - simulated manipulation of SETS of neurons (framework allows targeted manipulation; paper does not present NT-conditioned per-neuron control-impact ranking),No,No,High,VERIFIED - abstract + code repo,PMC11446845 + github.com/philshiu/Drosophila_brain_model,"Whole-brain LIF; manipulations are activity-level (simulated), not structural removal; no statistical chokepoint identification."
dorkenwald_2024_wiring,Neuronal wiring diagram of an adult brain,2024,Nature 634:124-138,"FAFB v783 (139,255 neurons; ~5x10^7 synapses)",Complete adult brain wiring diagram,Connectome reconstruction + baseline statistics,First whole adult brain connectome; average in/out-degree 20.5 for intrinsic neurons; inhibitory connections have more synapses on average than excitatory,Descriptive,No,No,No,Medium,VERIFIED - abstract + DOI record 2026-09-17,Nature 10.1038/s41586-024-07558-y,THE dataset paper; our primary citation; provides but does not analyze inhibitory control. Pages corrected 124-144 -> 124-138 on DOI verification.
schlegel_2024_annotation,Whole-brain annotation and multi-connectome cell typing of Drosophila,2024,Nature 634:139-152,FAFB v783 + Buhmann FlyEM,Cell typing and stereotypy across two connectomes,Hierarchical annotation; NBLAST; connectivity-based typing,"8,557 cell types; stereotypy quantified across hemispheres and animals",Descriptive,No,No,No,Medium,VERIFIED - search + DOI record 2026-09-17,Nature 10.1038/s41586-024-07686-5,"Source of per-neuron NT annotations used in our pipeline; typing, not control analysis. Title corrected to the exact published title; pages 139-152 confirmed on DOI verification."
matsliah_2024_optic,Neuronal parts list and wiring diagram for a visual system,2024,Nature,FAFB v783 optic lobe,Optic-lobe cell types and wiring rules,Connectome analysis of the optic lobe,Complete OL parts list and wiring rules,Descriptive,No,No,No,Low,VERIFIED - search,Nature 10.1038/s41586-024-07981-1,Source for visual_neuron_types; required citation when optic-lobe files are used.
dorkenwald_2021_flywire,FlyWire: online community for whole-brain connectomics,2021,Nature Methods,FAFB (platform),Platform for whole-brain reconstruction,Crowdsourced proofreading platform,Infrastructure for data release and proofreading,No,No,No,No,None,VERIFIED - search,PMC8903166,Platform paper; not an analysis.
scheffer_2020_hemibrain,A connectome and analysis of the adult Drosophila central brain,2020,eLife 9:e57443,Hemibrain (male central brain),Complete central-brain connectome and analysis,Connectome + network analysis,First dense central-brain connectome; cell types and connectivity statistics,No,No,No,No,Low,VERIFIED - search,eLife 2020;9:e57443,Complementary male-central-brain dataset.
hulse_2021_central_complex,A connectome of the Drosophila central complex reveals network motifs suitable for flexible navigation,2021,eLife 10:e66039,Hemibrain CX,CX circuit organization and navigation motifs,CX connectome + motif analysis,Ring-attractor-compatible and navigation motifs identified,No,No,No,No,Low,VERIFIED - search,eLife 2021;10:e66039,CX-specific.
takemura_2017_ON_edge,The comprehensive connectome of a neural substrate for 'ON' motion detection,2017,eLife 6:e24394,TEM optic lobe (T4 circuit),Complete wiring of the T4 ON-motion circuit,Dense EM reconstruction + circuit analysis,Complete T4 input map; direction-selectivity circuit identified,No,No,No,No,Low,VERIFIED - search,PMC5435463,Circuit-specific canonical reference.
shih_2015_connectomics_based,Connectomics-based analysis of information flow in the Drosophila brain,2015,Current Biology 25:1249-1258,Meso-scale FAFB draft (~16k neurons),Information flow through the brain network,Graph flow/path analysis of meso-scale connectome,First whole-brain information-flow analysis in Drosophila; major pathways identified,No,No,No,No,Medium,VERIFIED - search + DOI record 2026-09-17,10.1016/j.cub.2015.03.021,"Early flow framing; pre-synapse-resolution. Journal corrected (Cell Reports -> Current Biology) on DOI verification."
esinti_2020_recurrence,Recurrence and hub structure in the Drosophila central brain,2020,Current Biology,Hemibrain,Role of recurrent connections and hubs,Graph metrics on central brain,Strong recurrence; recurrent neurons are not a random subset,Descriptive,No,No,No,Medium,VERIFIED - search,Current Biology 2020,Hub analysis without NT-resolved control.
kunin_2023_hierarchical,Hierarchical modular structure of the Drosophila connectome,2023,J Neurosci 43(37):6384,FAFB draft,Modular organization of the brain,Community detection; hierarchical modularity,Hierarchical modules aligned with neuropils,No,No,No,No,Medium,VERIFIED - search,J Neurosci 43(37):6384,Module structure without NT/control.
winding_2023_larva,The connectome of an insect brain,2023,Science 380:eadd9330,"Larval Drosophila (3,016 neurons; 548k synapses)",Larval brain connectome and circuit analysis,Connectome + network analysis,Complete larval connectome; hub neurons discussed,Yes - descriptive,Descriptive,No,No,Medium,VERIFIED - search,Science 10.1126/science.add9330,NOTE: previously listed companion paper clifford_2023_larval_hubs with node-removal analysis could NOT be verified - REMOVED from matrix. Main paper's analysis is descriptive centrality. Larval scale (3k neurons) not comparable to 139k adult brain.
uzel_2022_hub,A set of hub neurons and non-local connectivity features in the C. elegans connectome,2022,Current Biology,C. elegans,Hub neurons and communication features,Graph analysis; signal-flow features; hub-removal logic,Hub set identified; non-local connectivity features,Flags unknown synaptic signs as limitation,Conceptual (hub-removal logic),No,No,High-METHOD,VERIFIED - search,ScienceDirect S0960982222010016,C. elegans (302 neurons); establishes hub-removal methodology; unknown-sign limitation explicitly noted.
szilagyi_2026_signed_motifs,Signed motif analysis of the C. elegans neuronal connectome,2026,BMC Biology,C. elegans,Overrepresented signed motifs,Signed motif enumeration with nulls,Multiple overrepresented polarized motifs identified,Yes - core,Yes,Yes (motif nulls),No,Medium-METHOD,VERIFIED - search,BMC Biology 10.1186/s12915-026-02641-4,Methodology transfer for our motif layer; C. elegans.
aprasetyawan_2024_VNC,Organization of circuits linking descending input to motor output in the Drosophila VNC,2024,Nature,FAFB + MANC VNC,Descending control of motor circuits,VNC connectome analysis,Descendants of descending neurons; motor circuit organization,Yes - descriptive,No,No,No,Medium,VERIFIED - search,Nature 2024 VNC package,"VNC, not brain."
han_2026_VNC_infomap,An analysis of the Drosophila Male Adult Nerve Cord connectome,2026,eLife reviewed preprint 96084,MANC VNC,Information flow in the VNC,Infomap community detection,Flow communities in VNC; inhibitory premotor neurons can drive movement,Yes - descriptive,Descriptive,No,No,Medium,VERIFIED - search,eLife reviewed preprint 96084,"VNC; functional finding, not network-control analysis."
brainwide_visual_2026,Connectome analysis reveals brain-wide processing of visual features in Drosophila,2026,bioRxiv,FAFB,Brain-wide visual feature processing,Network flow analysis of visual pathways,Brain-wide map of visual processing streams,Yes - descriptive,"Descriptive (flow), not removal",Flow analysis present,No,High-CLOSEST-2,VERIFIED - search,bioRxiv 10.64898/2026.02.02.700492,Pathway-level flow with NT sign; does NOT identify or statistically validate individual control neurons. Must cite and differentiate.
sterling_2025_serotonin,Connectivity of serotonin neurons reveals a constrained neuromodulatory architecture,2025,bioRxiv,FAFB,Organization of serotonergic neuromodulation,Connectivity analyses + receptor expression + physiology + modeling,Constrained 5HT neuromodulatory architecture,Yes - 5HT,Conceptual,No,No,Medium,VERIFIED - search,bioRxiv 10.1101/2025.08.19.671125,"Replaces unverifiable sterling_2024_serotonin entry; neuromodulator-specific profiling, not control-impact ranking."
bates_2026_distributed_control,Distributed control circuits across a brain-and-cord connectome,2026,Nature (doi:10.1038/s41586-026-10735-w; preprint 2025.07.31.667571),BANC brain-and-cord connectome (~160k neurons; brain + VNC),Control circuits across combined brain-and-cord connectome,Connectome annotation + circuit analysis across CNS,Describes distributed control architecture across brain and cord; mentions VPNs and VCNs in population breakdowns,Partial,Partial,No,No,Medium,full preprint v2 + Nature record,"CONCURRENT WORK, different dataset (BANC incl. VNC) and scale; no per-neuron control-impact ranking with NT-conditioned degree-matched comparison on FAFB; must be cited and differentiated in our discussion",
hoeller_2026_visual_pathways,The organization of visual pathways in the Drosophila brain,2026,Cell (S0092-8674(26)00941-4),"optic lobe connectome (Janelia; ~52k neurons, ~700 types)",Feedforward vs feedback organization of visual pathways,Optic-lobe groups: VIN/VPN/VCN classification; 97% feedforward input structure across four optic lobe groups,VCN class defined and quantified; pathway logic described,No,No,No,No,Medium,search snippets + ScienceDirect record,Classifies VCNs anatomically; no network-control or perturbation analysis; supports our interpretation that VC neurons form a feedback system,
tins_2025_neural_feedback,How neural feedback enables flexible visual processing in Drosophila,2025,Trends in Neurosciences (doi:10.1016/j.tins.2025.10.012),review,Role of centrifugal feedback in flexible visual processing,Literature review of VPN/VCN functional studies,Feedback enables state-dependent visual processing; no connectome-wide control quantification,No,No,No,No,Low,search record,Functional review; provides biological framing for our visual-centrifugal chokepoint finding,
